Timestamp,S09,Hum.,Pres.,Temp.
2025-04-01 13:00:00,12633.12,45.17,1013.69,28.37
2025-04-01 15:00:00,12631.62,37.04,1011.57,33.41
2025-04-01 17:00:00,12628.79,37.26,1010.26,31.13
2025-04-01 19:00:00,12626.81,41.91,1009.54,28.28
2025-04-01 21:00:00,12624.68,45.88,1009.84,26.78
2025-04-01 23:00:00,12624.0,48.9,1009.79,26.09
2025-04-02 01:00:00,12624.71,51.75,1008.88,25.47
2025-04-02 03:00:00,12625.08,55.43,1008.16,24.55
2025-04-02 05:00:00,12626.0,58.3,1007.34,23.98
2025-04-02 07:00:00,12626.92,60.04,1008.02,23.47
2025-04-02 09:00:00,12627.0,60.94,1008.74,23.58
2025-04-02 11:00:00,12627.55,61.61,1008.82,23.94
2025-04-02 13:00:00,12628.0,62.16,1008.14,24.02
2025-04-02 15:00:00,12627.58,63.3,1007.09,23.58
2025-04-02 17:00:00,12627.0,64.3,1006.68,23.24
2025-04-02 19:00:00,12627.0,64.96,1006.76,23.09
2025-04-02 21:00:00,12627.0,65.44,1007.32,23.05
2025-04-03 03:00:00,12627.8,67.01,1008.0,22.48
2025-04-03 05:00:00,12628.0,67.64,1008.58,22.52
2025-04-03 07:00:00,12627.38,68.12,1009.45,22.5
2025-04-03 09:00:00,12628.89,69.16,1010.54,22.94
2025-04-03 11:00:00,12630.54,75.23,1011.36,23.69
2025-04-03 13:00:00,12630.43,73.13,1010.98,26.23
2025-04-03 15:00:00,12630.0,69.68,1010.16,30.81
2025-04-03 17:00:00,12628.22,67.5,1010.35,35.08
2025-04-03 19:00:00,12625.35,68.88,1011.53,27.99
2025-04-03 21:00:00,12623.17,70.02,1013.25,25.19
2025-04-03 23:00:00,12623.82,70.73,1015.58,23.12
2025-04-04 01:00:00,12625.93,71.09,1018.38,20.43
2025-04-04 03:00:00,12625.91,70.09,1020.48,17.92
2025-04-04 05:00:00,12626.18,64.14,1021.76,16.27
2025-04-04 07:00:00,12627.29,60.84,1023.44,14.76
2025-04-04 09:00:00,12629.9,59.1,1024.49,15.6
2025-04-04 11:00:00,12632.0,54.41,1024.88,19.24
2025-04-04 13:00:00,12632.38,46.16,1024.07,23.41
2025-04-04 15:00:00,12633.0,38.49,1022.69,28.04
2025-04-04 17:00:00,12630.38,32.18,1021.96,31.24
2025-04-04 19:00:00,12627.42,35.49,1022.31,23.08
2025-04-04 21:00:00,12626.83,41.0,1023.14,19.95
2025-04-04 23:00:00,12626.53,44.38,1023.85,18.07
2025-04-05 01:00:00,12627.25,47.09,1024.06,16.54
2025-04-05 03:00:00,12628.0,49.03,1023.89,15.18
2025-04-05 05:00:00,12628.57,50.78,1024.17,14.01
2025-04-05 07:00:00,12629.0,52.55,1025.07,13.03
2025-04-05 09:00:00,12630.45,53.06,1025.41,14.59
2025-04-05 11:00:00,12635.17,49.13,1024.5,19.72
2025-04-05 13:00:00,12633.73,42.29,1021.88,26.22
2025-04-05 15:00:00,12632.33,36.18,1019.52,31.06
2025-04-05 17:00:00,12629.31,29.15,1018.14,35.42
2025-04-05 19:00:00,12627.18,34.73,1018.02,27.27
2025-04-05 21:00:00,12626.29,41.27,1018.78,24.09
2025-04-05 23:00:00,12626.8,46.3,1018.61,22.0
2025-04-06 01:00:00,12626.6,50.24,1018.27,20.33
2025-04-06 03:00:00,12626.89,52.74,1017.78,19.36
2025-04-06 05:00:00,12627.31,53.91,1017.37,18.76
2025-04-06 07:00:00,12627.9,55.19,1017.68,18.4
2025-04-06 09:00:00,12629.73,55.48,1017.91,20.38
2025-04-06 11:00:00,12631.5,51.17,1017.54,25.17
2025-04-06 13:00:00,12632.0,44.92,1016.01,29.36
2025-04-06 15:00:00,12630.0,39.99,1014.01,32.23
2025-04-06 17:00:00,12628.78,39.09,1013.1,29.56
2025-04-06 19:00:00,12626.44,40.28,1013.35,27.75
2025-04-06 21:00:00,12625.83,43.17,1013.33,25.53
2025-04-06 23:00:00,12626.14,44.59,1013.05,24.3
2025-04-07 01:00:00,12625.89,50.46,1013.32,22.75
2025-04-07 03:00:00,12627.0,55.03,1012.48,21.43
2025-04-07 05:00:00,12627.0,58.75,1012.06,20.9
2025-04-07 07:00:00,12627.58,61.97,1011.47,20.45
2025-04-07 09:00:00,12628.0,63.86,1010.99,20.46
2025-04-07 11:00:00,12627.91,64.84,1010.73,20.58
2025-04-07 13:00:00,12628.0,65.39,1009.09,20.74
2025-04-07 15:00:00,12628.0,66.29,1008.02,20.93
2025-04-07 17:00:00,12628.0,66.85,1007.23,20.91
2025-04-07 19:00:00,12628.18,67.28,1007.2,20.55
2025-04-07 21:00:00,12628.11,67.81,1007.57,20.47
2025-04-07 23:00:00,12628.0,68.4,1007.54,20.7
2025-04-08 01:00:00,12628.0,68.84,1007.19,20.86
2025-04-08 03:00:00,12628.1,68.91,1006.56,20.77
2025-04-08 05:00:00,12628.0,68.82,1006.56,20.25
2025-04-08 07:00:00,12628.0,68.64,1007.28,20.1
2025-04-08 09:00:00,12628.07,68.58,1008.3,20.34
2025-04-08 11:00:00,12629.73,67.01,1008.41,22.18
2025-04-08 13:00:00,12631.3,63.69,1007.89,24.09
2025-04-08 15:00:00,12631.21,60.36,1007.45,24.79
2025-04-08 17:00:00,12629.91,59.42,1007.29,25.05
2025-04-08 19:00:00,12628.12,61.29,1007.66,23.64
2025-04-08 21:00:00,12626.9,63.24,1008.23,22.96
2025-04-08 23:00:00,12626.62,64.47,1008.22,22.79
2025-04-09 01:00:00,12627.45,65.6,1008.09,22.53
2025-04-09 03:00:00,12627.36,66.59,1008.16,22.27
2025-04-09 05:00:00,12627.64,67.31,1008.5,22.15
2025-04-09 07:00:00,12627.0,67.76,1009.14,22.23
2025-04-09 09:00:00,12627.38,67.65,1010.31,22.87
2025-04-09 11:00:00,12629.36,65.14,1010.41,25.1
2025-04-09 13:00:00,12630.78,59.71,1009.48,27.42
2025-04-09 15:00:00,12630.0,53.16,1008.52,29.61
2025-04-09 17:00:00,12627.92,51.63,1008.41,28.55
2025-04-09 19:00:00,12626.78,55.28,1008.62,26.58
2025-04-09 21:00:00,12626.0,58.01,1009.24,25.71
2025-04-09 23:00:00,12625.31,60.16,1009.62,24.4
2025-04-10 01:00:00,12625.0,61.68,1009.72,23.27
2025-04-10 03:00:00,12625.8,62.73,1009.53,22.79
2025-04-10 05:00:00,12626.73,63.42,1009.5,22.48
2025-04-10 07:00:00,12627.0,64.13,1009.88,21.99
2025-04-10 09:00:00,12628.33,63.56,1010.39,23.45
2025-04-10 11:00:00,12631.0,60.52,1010.28,26.78
2025-04-10 13:00:00,12630.76,54.15,1009.32,29.38
2025-04-10 15:00:00,12630.0,47.55,1007.73,31.68
2025-04-10 17:00:00,12628.4,46.06,1007.23,30.71
2025-04-10 19:00:00,12626.31,50.32,1007.35,28.52
2025-04-10 21:00:00,12626.18,52.86,1008.02,27.21
2025-04-10 23:00:00,12624.47,55.07,1008.45,25.76
2025-04-11 01:00:00,12625.73,56.77,1008.48,24.62
2025-04-11 03:00:00,12626.0,57.91,1008.57,24.3
2025-04-11 05:00:00,12627.0,61.32,1008.07,23.37
2025-04-11 07:00:00,12626.69,60.61,1008.75,23.24
2025-04-11 09:00:00,12628.86,59.27,1009.53,24.18
2025-04-11 11:00:00,12631.3,56.77,1009.55,27.04
2025-04-11 13:00:00,12631.7,49.67,1008.18,31.48
2025-04-11 15:00:00,12631.62,39.52,1006.47,33.92
2025-04-11 17:00:00,12628.7,36.76,1005.73,34.94
2025-04-11 19:00:00,12625.67,41.73,1006.17,30.32
2025-04-11 21:00:00,12624.33,47.02,1006.96,28.03
2025-04-11 23:00:00,12624.22,50.15,1007.18,26.68
2025-04-12 01:00:00,12625.27,52.15,1007.13,26.24
2025-04-12 03:00:00,12626.0,54.71,1006.74,24.76
2025-04-12 05:00:00,12626.75,56.54,1006.22,23.82
2025-04-12 07:00:00,12626.9,57.64,1007.47,23.58
2025-04-12 09:00:00,12629.5,57.46,1008.32,25.5
2025-04-12 11:00:00,12630.89,54.55,1008.21,28.59
2025-04-12 13:00:00,12631.75,43.62,1007.48,32.37
2025-04-12 15:00:00,12630.25,36.28,1006.59,36.11
2025-04-12 17:00:00,12627.67,29.77,1006.71,39.4
2025-04-12 19:00:00,12624.15,37.77,1007.97,31.57
2025-04-12 21:00:00,12624.0,43.27,1009.33,29.37
2025-04-12 23:00:00,12622.69,48.11,1010.56,27.42
2025-04-13 01:00:00,12624.08,50.49,1011.37,25.21
2025-04-13 03:00:00,12626.0,51.93,1011.33,23.5
2025-04-13 05:00:00,12626.5,53.51,1011.47,21.86
2025-04-13 07:00:00,12627.0,54.35,1012.59,20.96
2025-04-13 09:00:00,12629.8,53.41,1013.7,21.64
2025-04-13 11:00:00,12630.75,46.23,1013.92,25.47
2025-04-13 13:00:00,12631.7,36.96,1012.81,30.35
2025-04-13 15:00:00,12630.67,28.82,1011.32,34.76
2025-04-13 17:00:00,12629.4,23.72,1011.06,37.06
2025-04-13 19:00:00,12625.7,31.34,1011.75,28.49
2025-04-13 21:00:00,12623.91,37.14,1012.26,25.14
2025-04-13 23:00:00,12626.3,39.96,1012.46,23.09
2025-04-14 01:00:00,12627.29,42.39,1012.92,21.56
2025-04-14 03:00:00,12627.0,44.48,1012.77,20.1
2025-04-14 05:00:00,12627.0,46.03,1012.85,19.0
2025-04-14 07:00:00,12627.67,47.65,1013.59,17.91
2025-04-14 09:00:00,12629.83,49.62,1014.5,18.9
2025-04-14 11:00:00,12632.31,45.48,1013.66,24.62
2025-04-14 13:00:00,12632.33,36.18,1011.31,30.27
2025-04-14 15:00:00,12631.75,29.96,1009.15,34.45
2025-04-14 17:00:00,12629.25,25.89,1008.28,36.17
2025-04-14 19:00:00,12626.14,31.19,1008.99,29.16
2025-04-14 21:00:00,12625.0,36.16,1009.02,26.04
2025-04-14 23:00:00,12626.8,38.88,1009.12,23.83
2025-04-15 01:00:00,12627.1,42.7,1009.17,21.64
2025-04-15 03:00:00,12627.0,45.09,1008.9,20.48
2025-04-15 05:00:00,12627.22,47.59,1008.55,19.64
2025-04-15 07:00:00,12628.07,49.84,1009.23,19.06
2025-04-15 09:00:00,12629.45,50.85,1010.54,20.48
2025-04-15 11:00:00,12631.36,47.98,1010.67,25.08
2025-04-15 13:00:00,12632.12,42.32,1009.08,30.13
2025-04-15 15:00:00,12632.4,32.21,1007.13,36.56
2025-04-15 17:00:00,12630.11,26.08,1006.55,39.84
2025-04-15 19:00:00,12626.0,33.68,1007.08,30.12
2025-04-15 21:00:00,12622.71,40.25,1008.42,25.97
2025-04-15 23:00:00,12624.0,42.42,1009.04,24.7
2025-04-16 01:00:00,12625.67,45.34,1009.31,22.96
2025-04-16 03:00:00,12627.0,47.54,1009.06,21.72
2025-04-16 05:00:00,12627.36,49.42,1008.42,20.44
2025-04-16 07:00:00,12628.0,50.78,1008.8,19.53
2025-04-16 09:00:00,12629.42,51.23,1009.97,21.44
2025-04-16 11:00:00,12631.67,48.75,1009.96,25.91
2025-04-16 13:00:00,12631.82,37.99,1008.4,31.54
2025-04-16 15:00:00,12631.5,28.19,1006.71,37.25
2025-04-16 17:00:00,12628.6,22.61,1005.69,40.97
2025-04-16 19:00:00,12624.6,31.52,1005.53,30.42
2025-04-16 21:00:00,12623.75,35.47,1005.96,28.01
2025-04-17 01:00:00,12622.27,43.07,1008.0,23.41
2025-04-17 03:00:00,12624.92,45.75,1007.52,22.11
2025-04-17 05:00:00,12626.1,48.13,1007.71,20.92
2025-04-17 07:00:00,12627.0,49.61,1008.45,20.19
2025-04-17 09:00:00,12629.56,50.85,1009.12,21.72
2025-04-17 11:00:00,12630.71,47.74,1009.19,26.88
2025-04-17 13:00:00,12632.18,40.93,1007.57,31.86
2025-04-17 15:00:00,12631.45,32.09,1005.31,37.51
2025-04-17 17:00:00,12627.38,26.39,1004.08,40.51
2025-04-17 19:00:00,12623.33,33.95,1004.62,32.55
2025-04-17 21:00:00,12623.6,37.76,1005.42,30.12
2025-04-17 23:00:00,12622.92,41.38,1006.08,27.71
2025-04-18 01:00:00,12622.0,43.72,1006.32,26.54
2025-04-18 03:00:00,12622.71,46.33,1006.46,25.11
2025-04-18 05:00:00,12625.67,48.57,1006.56,24.86
2025-04-18 07:00:00,12626.64,53.42,1007.66,23.97
2025-04-18 09:00:00,12628.22,54.39,1008.7,24.22
2025-04-18 11:00:00,12632.21,51.6,1009.03,27.96
2025-04-18 13:00:00,12632.8,45.24,1007.62,33.33
2025-04-18 21:00:00,12623.36,43.82,1009.96,28.35
2025-04-19 03:00:00,12624.09,50.66,1012.41,23.32
2025-04-19 05:00:00,12626.67,49.88,1012.99,22.27
2025-04-19 07:00:00,12627.0,49.83,1013.99,20.67
2025-04-19 09:00:00,12629.83,49.37,1014.98,20.77
2025-04-19 11:00:00,12632.0,44.65,1015.01,24.23
2025-04-19 13:00:00,12632.5,36.54,1013.76,28.8
2025-04-19 15:00:00,12630.57,28.05,1012.52,33.85
2025-04-19 17:00:00,12628.1,22.76,1012.12,35.37
2025-04-19 19:00:00,12624.5,29.22,1013.13,26.32
2025-04-19 21:00:00,12622.9,33.83,1014.11,22.8
2025-04-19 23:00:00,12624.0,37.38,1014.66,20.78
2025-04-20 01:00:00,12627.11,40.41,1014.34,19.29
2025-04-20 03:00:00,12627.0,42.96,1014.19,18.0
2025-04-20 05:00:00,12627.2,45.75,1013.51,16.51
2025-04-20 07:00:00,12628.08,47.72,1014.24,16.11
2025-04-20 09:00:00,12629.79,48.17,1015.09,17.7
2025-04-20 11:00:00,12632.27,43.98,1015.03,22.11
2025-04-20 13:00:00,12632.73,36.75,1013.58,26.76
2025-04-20 15:00:00,12632.1,31.51,1011.75,27.81
2025-04-20 17:00:00,12629.62,32.31,1011.31,26.33
2025-04-20 19:00:00,12628.4,35.23,1011.38,23.84
2025-04-20 21:00:00,12626.92,39.57,1012.48,22.12
2025-04-20 23:00:00,12627.09,42.44,1013.09,21.52
2025-04-21 01:00:00,12627.15,45.46,1012.39,20.44
2025-04-21 03:00:00,12628.0,47.97,1012.68,19.13
2025-04-21 05:00:00,12627.67,48.88,1011.98,18.02
2025-04-21 07:00:00,12627.46,50.58,1012.52,16.67
2025-04-21 09:00:00,12629.64,51.02,1012.98,17.58
2025-04-21 11:00:00,12631.08,45.37,1012.92,23.09
2025-04-21 13:00:00,12632.0,37.73,1011.39,28.52
2025-04-21 15:00:00,12632.18,30.1,1009.61,33.75
2025-04-21 17:00:00,12629.0,25.76,1008.86,35.32
2025-04-21 19:00:00,12627.19,31.74,1009.13,27.43
2025-04-21 21:00:00,12625.89,36.3,1009.96,24.62
2025-04-21 23:00:00,12626.58,40.52,1010.54,22.39
2025-04-22 01:00:00,12627.64,42.97,1010.65,21.0
2025-04-22 03:00:00,12627.14,45.29,1010.36,19.92
2025-04-22 05:00:00,12627.64,47.24,1010.47,18.78
2025-04-22 07:00:00,12628.75,48.86,1010.98,18.39
2025-04-22 09:00:00,12629.2,49.44,1011.36,19.25
2025-04-22 11:00:00,12629.75,46.43,1011.32,24.52
2025-04-22 13:00:00,12631.25,37.49,1009.4,30.34
2025-04-22 15:00:00,12631.22,30.01,1007.58,35.62
2025-04-22 21:00:00,12624.15,36.62,1007.35,26.8
2025-04-22 23:00:00,12624.0,38.7,1007.11,25.58
2025-04-23 07:00:00,12627.06,50.8,1008.43,19.67
2025-04-23 09:00:00,12629.7,50.57,1008.94,21.65
2025-04-23 11:00:00,12632.84,49.23,1008.72,25.13
2025-04-23 13:00:00,12632.93,41.39,1007.17,31.27
2025-04-23 15:00:00,12632.0,30.56,1005.64,37.85
2025-04-23 17:00:00,12628.41,25.89,1005.46,38.93
2025-04-23 19:00:00,12624.53,32.31,1005.68,31.88
2025-04-23 21:00:00,12623.31,37.25,1006.11,28.79
2025-04-23 23:00:00,12622.16,41.05,1006.63,26.65
2025-04-24 01:00:00,12622.62,43.41,1007.19,25.05
2025-04-24 03:00:00,12625.83,45.25,1006.42,23.99
2025-04-24 05:00:00,12627.0,46.02,1005.37,23.7
2025-04-24 07:00:00,12627.77,47.29,1005.71,23.42
2025-04-24 09:00:00,12629.14,47.86,1006.98,24.08
2025-04-24 11:00:00,12630.48,44.98,1007.62,27.43
2025-04-24 13:00:00,12632.0,39.16,1006.71,31.92
2025-04-24 15:00:00,12631.08,35.9,1004.57,32.4
2025-04-24 17:00:00,12629.43,36.9,1003.76,31.66
2025-04-24 19:00:00,12625.43,42.68,1004.06,28.87
2025-04-24 21:00:00,12623.22,45.09,1004.57,27.66
2025-04-24 23:00:00,12622.0,47.07,1004.93,26.05
2025-04-25 01:00:00,12622.38,48.36,1004.64,24.54
2025-04-25 03:00:00,12624.0,50.99,1003.86,22.87
2025-04-25 05:00:00,12626.42,52.77,1003.65,22.16
2025-04-25 07:00:00,12627.31,53.86,1004.47,21.25
2025-04-25 09:00:00,12629.8,54.4,1005.08,22.6
2025-04-25 11:00:00,12631.39,53.3,1004.75,26.94
2025-04-25 13:00:00,12631.97,47.14,1002.84,31.2
2025-04-25 15:00:00,12631.11,40.18,1001.13,34.53
2025-04-25 17:00:00,12628.11,34.74,1000.42,36.78
2025-04-25 19:00:00,12624.25,41.11,1000.97,31.01
2025-04-25 21:00:00,12623.83,45.32,1001.48,28.76
2025-04-25 23:00:00,12623.31,48.32,1001.78,27.18
2025-04-26 01:00:00,12623.0,50.69,1002.45,25.89
2025-04-26 03:00:00,12622.93,52.67,1002.8,25.13
2025-04-26 05:00:00,12623.79,54.25,1003.16,24.18
2025-04-26 07:00:00,12626.0,55.11,1004.29,23.4
2025-04-26 21:00:00,12623.78,44.05,1006.15,28.65
2025-04-26 23:00:00,12623.0,46.73,1007.24,26.74
2025-04-27 01:00:00,12623.0,47.65,1007.86,25.67
2025-04-27 03:00:00,12624.0,48.38,1008.34,23.93
2025-04-27 05:00:00,12625.45,48.98,1009.01,22.31
2025-04-27 07:00:00,12626.92,51.17,1010.08,20.82
2025-04-27 09:00:00,12627.0,53.25,1010.9,20.7
2025-04-27 11:00:00,12627.64,50.64,1011.37,22.49
2025-04-27 13:00:00,12630.0,42.67,1010.18,25.21
2025-04-27 15:00:00,12630.6,35.37,1008.85,30.71
2025-04-27 17:00:00,12628.86,30.03,1008.68,32.43
2025-04-27 19:00:00,12627.45,36.27,1009.64,24.64
2025-04-27 21:00:00,12626.08,40.89,1010.85,21.9
2025-04-27 23:00:00,12627.44,42.55,1011.79,20.31
2025-04-28 01:00:00,12626.79,43.75,1012.44,18.82
2025-04-28 03:00:00,12627.44,47.22,1012.48,17.83
2025-04-28 05:00:00,12628.0,51.0,1012.49,16.61
2025-04-28 07:00:00,12629.1,51.75,1013.02,16.08
2025-04-28 09:00:00,12630.79,50.28,1014.05,17.4
2025-04-28 11:00:00,12632.17,47.19,1014.35,21.03
2025-04-28 13:00:00,12631.93,40.04,1013.14,25.92
2025-04-28 15:00:00,12631.65,30.96,1011.9,31.35
2025-04-28 17:00:00,12629.18,24.58,1011.04,34.74
2025-04-28 19:00:00,12627.24,31.17,1011.14,25.87
2025-04-28 21:00:00,12625.55,35.9,1011.73,22.87
2025-04-28 23:00:00,12626.84,39.12,1012.11,20.96
2025-04-29 01:00:00,12626.26,41.27,1012.11,19.46
2025-04-29 03:00:00,12627.15,44.67,1011.79,17.54
2025-04-29 05:00:00,12628.0,47.34,1011.77,16.81
2025-04-29 07:00:00,12628.17,49.45,1012.55,15.89
2025-04-29 09:00:00,12630.25,50.41,1013.5,17.77
2025-04-29 11:00:00,12632.55,46.32,1013.66,22.16
2025-04-29 13:00:00,12632.04,38.03,1012.35,27.1
2025-04-29 15:00:00,12631.85,29.39,1010.62,32.79
2025-04-29 17:00:00,12629.54,23.58,1010.18,35.75
2025-04-29 19:00:00,12626.87,30.95,1010.62,26.54
2025-04-29 21:00:00,12625.38,33.84,1011.25,24.26
2025-04-29 23:00:00,12626.65,38.44,1011.87,21.33
2025-04-30 01:00:00,12626.96,41.36,1011.5,19.88
2025-04-30 03:00:00,12627.0,44.16,1011.49,18.05
2025-04-30 05:00:00,12627.94,46.51,1011.34,16.75
2025-04-30 07:00:00,12628.0,48.13,1011.79,15.92
2025-04-30 09:00:00,12629.92,48.93,1012.61,17.57
2025-04-30 11:00:00,12632.08,45.68,1012.67,22.58
2025-05-01 13:00:00,12631.16,38.77,1009.9,28.34
2025-05-01 15:00:00,12631.67,30.04,1007.92,33.83
2025-05-01 17:00:00,12628.8,24.13,1006.79,36.37
2025-05-01 19:00:00,12627.0,31.18,1007.49,27.85
2025-05-01 21:00:00,12626.09,35.87,1008.04,25.68
2025-05-01 23:00:00,12626.12,39.45,1008.8,24.06
2025-05-02 01:00:00,12627.79,41.95,1009.02,23.11
2025-05-02 03:00:00,12628.0,46.29,1008.59,22.05
2025-05-02 05:00:00,12627.93,51.25,1009.17,21.61
2025-05-02 07:00:00,12628.14,54.59,1010.17,21.45
2025-05-02 09:00:00,12628.86,56.14,1011.65,21.96
2025-05-02 11:00:00,12629.92,56.18,1012.43,23.34
2025-05-02 13:00:00,12630.74,51.75,1011.39,27.2
2025-05-02 15:00:00,12630.71,42.99,1010.51,32.32
2025-05-02 17:00:00,12628.56,36.61,1010.3,34.22
2025-05-02 19:00:00,12625.71,44.35,1010.84,27.64
2025-05-02 21:00:00,12624.27,48.59,1011.9,25.43
2025-05-02 23:00:00,12624.25,51.31,1012.62,24.1
2025-05-03 01:00:00,12625.37,53.37,1012.56,22.86
2025-05-03 03:00:00,12626.64,54.86,1011.82,21.63
2025-05-03 05:00:00,12626.8,56.02,1011.76,20.62
2025-05-03 07:00:00,12626.79,57.0,1012.89,19.57
2025-05-03 09:00:00,12629.07,57.52,1013.98,20.87
2025-05-03 11:00:00,12631.33,56.1,1014.37,24.64
2025-05-03 13:00:00,12632.0,49.59,1012.94,28.83
2025-05-03 15:00:00,12630.78,39.23,1011.34,33.45
2025-05-03 17:00:00,12629.08,32.9,1010.41,35.96
2025-05-03 19:00:00,12625.08,38.64,1010.32,29.68
2025-05-03 21:00:00,12622.1,42.74,1010.5,26.97
2025-05-03 23:00:00,12623.27,46.67,1010.58,25.05
2025-05-04 01:00:00,12625.2,49.23,1010.24,23.36
2025-05-04 03:00:00,12627.31,50.97,1010.12,22.13
2025-05-04 05:00:00,12627.11,52.81,1010.09,21.29
2025-05-04 07:00:00,12627.0,54.4,1010.73,20.42
2025-05-04 09:00:00,12629.55,54.54,1011.23,21.7
2025-05-04 11:00:00,12630.4,50.58,1011.09,26.24
2025-05-04 13:00:00,12632.0,41.08,1009.38,32.31
2025-05-04 15:00:00,12630.82,32.49,1007.88,37.36
2025-05-04 17:00:00,12627.71,28.22,1007.49,38.38
2025-05-04 19:00:00,12623.08,35.14,1008.38,31.6
2025-05-04 21:00:00,12622.21,40.65,1009.22,29.34
2025-05-04 23:00:00,12622.0,42.95,1009.54,28.19
2025-05-05 01:00:00,12623.14,45.18,1009.12,26.36
2025-05-05 03:00:00,12625.0,48.14,1008.58,24.95
2025-05-05 05:00:00,12626.86,50.06,1008.75,24.69
2025-05-05 07:00:00,12627.2,51.56,1009.49,24.15
2025-05-05 09:00:00,12628.64,51.98,1010.39,25.16
2025-05-05 11:00:00,12631.0,49.43,1010.72,28.33
2025-05-05 13:00:00,12632.0,44.68,1009.35,32.57
2025-05-05 15:00:00,12630.4,40.79,1008.1,34.81
2025-05-05 17:00:00,12628.59,35.92,1007.69,37.34
2025-05-05 19:00:00,12625.0,44.42,1008.3,30.26
2025-05-05 21:00:00,12624.19,48.79,1009.56,28.09
2025-05-05 23:00:00,12623.0,50.77,1009.51,26.92
2025-05-06 01:00:00,12622.0,52.77,1008.76,25.35
2025-05-06 03:00:00,12623.0,54.62,1008.03,25.12
2025-05-06 05:00:00,12624.55,55.37,1007.14,24.43
2025-05-06 07:00:00,12626.0,56.39,1007.62,23.85
2025-05-06 09:00:00,12628.11,56.49,1008.15,25.06
2025-05-06 11:00:00,12630.88,53.48,1007.96,28.44
2025-05-06 13:00:00,12628.29,54.64,1007.13,27.56
2025-05-06 15:00:00,12626.5,58.16,1004.53,29.13
2025-05-06 17:00:00,12626.64,50.98,1004.13,32.36
2025-05-06 19:00:00,12624.5,56.94,1005.53,27.07
2025-05-06 21:00:00,12623.0,58.63,1006.65,25.36
2025-05-06 23:00:00,12623.77,60.23,1006.81,24.6
2025-05-07 01:00:00,12625.56,60.91,1005.67,24.31
2025-05-07 03:00:00,12627.0,61.74,1005.01,24.06
2025-05-07 05:00:00,12627.0,62.63,1004.67,23.66
2025-05-07 07:00:00,12627.27,63.36,1004.76,23.4
2025-05-07 09:00:00,12628.16,63.22,1005.55,24.35
2025-05-07 11:00:00,12629.83,59.96,1005.4,26.43
2025-05-07 13:00:00,12629.71,56.41,1003.88,28.99
2025-05-07 15:00:00,12629.18,50.18,1001.72,32.43
2025-05-07 17:00:00,12627.38,50.55,1001.03,31.17
2025-05-07 19:00:00,12623.8,58.04,1001.58,28.41
2025-05-07 21:00:00,12623.0,60.72,1002.14,28.02
2025-05-07 23:00:00,12622.0,62.44,1002.41,27.16
2025-05-08 01:00:00,12622.4,62.98,1002.18,26.12
2025-05-08 03:00:00,12622.0,65.63,1001.41,25.54
2025-05-08 05:00:00,12624.0,65.92,1000.33,25.27
2025-05-08 07:00:00,12625.0,66.96,1000.31,24.84
2025-05-08 09:00:00,12626.0,68.07,1001.32,24.83
2025-05-08 11:00:00,12626.17,68.62,1000.79,25.34
2025-05-08 13:00:00,12626.94,69.05,1000.8,25.36
2025-05-08 15:00:00,12626.76,69.49,999.2,25.09
2025-05-08 17:00:00,12626.5,69.57,999.09,24.86
2025-05-08 19:00:00,12627.0,69.6,999.26,24.5
2025-05-08 21:00:00,12627.0,69.68,1000.69,24.31
2025-05-08 23:00:00,12627.0,69.59,1000.0,23.79
2025-05-09 01:00:00,12627.0,69.82,1000.39,23.51
2025-05-09 03:00:00,12627.0,70.39,1000.04,23.68
2025-05-09 09:00:00,12628.29,69.42,1004.3,22.86
2025-05-09 11:00:00,12628.86,67.65,1006.08,23.69
2025-05-09 13:00:00,12629.2,63.76,1005.7,26.59
2025-05-09 15:00:00,12629.5,55.32,1005.83,30.29
2025-05-09 17:00:00,12627.0,51.68,1007.09,28.46
2025-05-09 19:00:00,12626.08,55.0,1009.02,25.31
2025-05-09 21:00:00,12626.0,57.37,1010.57,23.77
2025-05-09 23:00:00,12625.67,59.74,1011.79,22.44
2025-05-10 01:00:00,12626.47,61.29,1012.42,21.64
2025-05-10 03:00:00,12626.16,62.45,1012.83,20.61
2025-05-10 05:00:00,12627.0,62.72,1013.56,19.55
2025-05-10 07:00:00,12627.33,63.24,1014.96,18.62
2025-05-10 09:00:00,12629.76,63.1,1017.2,19.42
2025-05-10 11:00:00,12630.77,59.92,1018.28,23.13
2025-05-10 13:00:00,12631.67,51.18,1017.36,27.68
2025-05-10 15:00:00,12631.3,40.59,1016.13,32.94
2025-05-10 17:00:00,12627.7,33.87,1016.05,34.59
2025-05-10 19:00:00,12626.4,41.4,1016.74,27.18
2025-05-10 21:00:00,12625.5,47.81,1017.67,24.42
2025-05-10 23:00:00,12626.5,52.35,1018.24,22.9
2025-05-11 01:00:00,12627.0,54.17,1018.23,21.49
2025-05-11 03:00:00,12626.95,55.35,1018.12,20.28
2025-05-11 05:00:00,12627.1,56.14,1018.37,19.02
2025-05-11 07:00:00,12628.0,56.73,1019.64,17.81
2025-05-11 09:00:00,12629.43,57.41,1021.13,18.48
2025-05-11 11:00:00,12630.82,54.91,1021.54,22.04
2025-05-11 13:00:00,12630.93,47.94,1020.3,27.34
2025-05-11 15:00:00,12632.09,37.54,1018.62,33.57
2025-05-11 17:00:00,12629.45,31.69,1017.98,34.47
2025-05-11 19:00:00,12627.1,38.44,1018.24,25.84
2025-05-11 21:00:00,12627.0,42.65,1018.8,22.87
2025-05-11 23:00:00,12627.14,45.7,1018.79,20.56
2025-05-12 01:00:00,12627.0,48.34,1018.18,19.09
2025-05-12 03:00:00,12628.0,50.92,1017.38,17.71
2025-05-12 05:00:00,12628.6,52.81,1017.13,16.85
2025-05-12 07:00:00,12629.18,54.36,1017.64,15.68
2025-05-12 09:00:00,12630.17,55.62,1018.53,16.55
2025-05-12 11:00:00,12631.45,54.25,1018.39,20.62
2025-05-12 13:00:00,12632.2,47.48,1016.38,26.43
2025-05-12 15:00:00,12631.75,38.86,1013.86,31.93
2025-05-12 17:00:00,12629.33,33.6,1013.17,32.59
2025-05-12 19:00:00,12627.55,42.75,1013.29,25.16
2025-05-12 21:00:00,12626.5,48.1,1013.78,23.22
2025-05-12 23:00:00,12627.0,50.98,1014.03,21.57
2025-05-13 01:00:00,12627.08,53.05,1013.56,20.24
2025-05-13 03:00:00,12627.0,54.83,1013.49,19.45
2025-05-13 05:00:00,12628.0,56.21,1012.96,18.52
2025-05-13 07:00:00,12628.33,57.35,1013.47,17.65
2025-05-13 09:00:00,12629.57,57.77,1013.91,18.67
2025-05-13 11:00:00,12630.45,55.57,1013.7,22.65
2025-05-13 13:00:00,12631.83,46.62,1011.82,28.82
2025-05-13 15:00:00,12631.25,38.07,1010.14,32.49
2025-05-13 17:00:00,12628.0,33.49,1009.28,34.34
2025-05-13 19:00:00,12626.08,41.87,1009.33,27.51
2025-05-13 21:00:00,12626.28,46.47,1009.81,25.22
2025-05-13 23:00:00,12626.25,49.87,1010.11,23.87
2025-05-14 01:00:00,12626.88,52.78,1009.97,22.7
2025-05-14 03:00:00,12627.0,54.34,1010.12,22.17
2025-05-14 05:00:00,12627.38,56.17,1010.3,21.46
2025-05-14 07:00:00,12627.64,57.87,1011.61,21.36
2025-05-14 09:00:00,12628.5,58.95,1012.8,22.22
2025-05-14 11:00:00,12631.17,57.29,1013.33,25.89
2025-05-14 13:00:00,12631.94,52.52,1012.3,30.46
2025-05-14 15:00:00,12630.73,47.88,1011.13,33.12
2025-05-14 17:00:00,12628.67,45.7,1010.91,32.97
2025-05-14 19:00:00,12626.91,50.61,1011.2,29.69
2025-05-14 21:00:00,12626.6,53.99,1012.11,28.27
2025-05-14 23:00:00,12624.62,56.52,1012.47,26.99
2025-05-15 01:00:00,12625.25,58.12,1012.44,26.01
2025-05-15 03:00:00,12626.08,59.29,1012.01,25.02
2025-05-15 05:00:00,12626.22,60.22,1011.58,24.19
2025-05-15 07:00:00,12626.69,61.22,1011.53,23.18
2025-05-15 09:00:00,12628.09,61.43,1011.94,23.78
2025-05-15 11:00:00,12630.58,58.75,1011.77,27.46
2025-05-15 13:00:00,12630.57,53.24,1010.12,29.54
2025-05-15 15:00:00,12629.46,47.86,1008.49,32.31
2025-05-15 17:00:00,12628.0,41.37,1007.64,34.38
2025-05-15 19:00:00,12625.22,47.96,1008.26,28.67
2025-05-15 21:00:00,12624.0,51.26,1009.7,26.8
2025-05-15 23:00:00,12624.0,52.85,1010.62,25.43
2025-05-16 01:00:00,12625.38,54.9,1010.83,24.24
2025-05-16 03:00:00,12626.0,56.38,1010.49,23.44
2025-05-16 05:00:00,12627.18,57.49,1010.24,22.59
2025-05-16 07:00:00,12627.5,58.25,1010.73,21.77
2025-05-16 09:00:00,12629.11,57.83,1011.7,23.3
2025-05-16 11:00:00,12631.07,54.47,1011.16,25.72
2025-05-16 13:00:00,12630.75,48.14,1009.46,29.41
2025-05-16 15:00:00,12629.55,43.01,1007.95,32.16
2025-05-16 17:00:00,12628.14,42.94,1007.35,31.29
2025-05-16 19:00:00,12626.08,48.42,1007.76,27.82
2025-05-16 21:00:00,12625.69,51.06,1008.07,26.3
2025-05-16 23:00:00,12624.92,53.09,1008.64,24.98
2025-05-17 01:00:00,12624.42,55.0,1007.77,23.66
2025-05-17 03:00:00,12626.29,57.01,1006.61,22.95
2025-05-17 05:00:00,12627.82,58.66,1005.38,22.46
2025-05-17 07:00:00,12627.69,60.56,1005.45,22.02
2025-05-17 09:00:00,12628.89,61.09,1005.99,22.96
2025-05-17 11:00:00,12630.47,58.68,1005.51,26.11
2025-05-17 13:00:00,12630.33,53.77,1003.58,29.79
2025-05-17 15:00:00,12629.95,46.02,1001.39,34.07
2025-05-17 17:00:00,12627.57,41.0,1000.75,34.77
2025-05-17 19:00:00,12626.75,47.13,1001.26,30.63
2025-05-18 01:00:00,12625.19,56.76,1001.71,26.85
2025-05-18 03:00:00,12626.0,58.03,1001.14,26.29
2025-05-18 05:00:00,12626.76,60.28,1001.97,24.92
2025-05-18 07:00:00,12626.73,62.56,1006.62,21.71
2025-05-18 09:00:00,12627.59,62.68,1007.95,21.64
2025-05-18 11:00:00,12628.0,63.25,1008.92,22.22
2025-05-18 13:00:00,12629.39,61.01,1009.11,24.25
2025-05-18 15:00:00,12630.07,54.95,1008.82,28.1
2025-05-18 17:00:00,12629.2,49.4,1009.82,28.09
2025-05-18 19:00:00,12628.0,55.37,1010.96,22.9
2025-05-18 21:00:00,12627.92,56.33,1011.76,21.63
2025-05-18 23:00:00,12627.46,57.47,1012.44,20.62
2025-05-19 01:00:00,12627.45,58.83,1012.17,20.17
2025-05-19 03:00:00,12627.46,60.48,1011.52,19.26
2025-05-19 05:00:00,12628.33,61.56,1011.07,18.88
2025-05-19 07:00:00,12629.0,62.62,1012.11,18.23
2025-05-19 09:00:00,12629.67,63.17,1012.52,18.84
2025-05-19 11:00:00,12630.0,62.89,1012.89,20.04
2025-05-19 13:00:00,12631.25,60.94,1010.78,22.82
2025-05-19 15:00:00,12631.09,57.26,1009.94,24.87
2025-05-19 17:00:00,12630.64,55.83,1009.88,24.84
2025-05-19 19:00:00,12629.09,58.43,1010.89,23.37
2025-05-19 21:00:00,12629.0,60.19,1011.82,22.8
2025-05-19 23:00:00,12628.86,61.34,1012.34,22.39
2025-05-20 01:00:00,12628.08,61.71,1013.09,21.96
2025-05-20 03:00:00,12627.94,61.98,1012.99,21.57
2025-05-20 05:00:00,12628.18,63.01,1012.77,20.96
2025-05-20 07:00:00,12628.25,63.89,1014.14,20.07
2025-05-20 09:00:00,12628.77,64.46,1015.41,20.21
2025-05-20 11:00:00,12629.91,62.43,1015.83,21.35
2025-05-20 13:00:00,12629.36,60.35,1015.26,21.37
2025-05-20 15:00:00,12630.23,56.06,1014.3,24.32
2025-05-20 17:00:00,12629.85,45.33,1013.99,27.94
2025-05-20 19:00:00,12627.78,51.09,1014.46,20.92
2025-05-20 21:00:00,12627.83,53.05,1015.67,19.24
2025-05-20 23:00:00,12627.64,53.29,1016.57,18.1
2025-05-21 01:00:00,12629.22,55.14,1016.21,16.6
2025-05-21 03:00:00,12629.83,56.7,1015.04,15.8
2025-05-21 05:00:00,12630.0,57.46,1014.97,15.85
2025-05-21 07:00:00,12630.0,57.15,1015.79,15.81
2025-05-21 09:00:00,12630.31,56.64,1016.53,16.22
2025-05-21 11:00:00,12630.29,53.35,1016.74,18.77
2025-05-21 13:00:00,12630.5,48.26,1015.85,21.42
2025-05-21 15:00:00,12631.0,44.42,1014.16,22.97
2025-05-21 17:00:00,12630.73,43.37,1013.91,22.73
2025-05-21 19:00:00,12628.57,46.98,1014.64,20.63
2025-05-21 21:00:00,12628.18,47.71,1015.45,19.0
2025-05-21 23:00:00,12628.45,48.26,1015.78,18.02
2025-05-22 01:00:00,12629.0,49.83,1015.6,16.68
2025-05-22 03:00:00,12628.67,51.77,1015.23,15.37
2025-05-22 05:00:00,12629.87,53.22,1015.61,14.29
2025-05-22 07:00:00,12630.0,54.19,1016.82,13.61
2025-05-22 09:00:00,12630.29,55.38,1017.85,14.32
2025-05-22 11:00:00,12633.22,52.68,1018.7,18.75
2025-05-22 13:00:00,12632.0,45.48,1017.25,24.37
2025-05-22 15:00:00,12631.56,35.98,1015.7,30.45
2025-05-22 21:00:00,12627.83,41.18,1017.12,19.7
2025-05-22 23:00:00,12628.09,44.87,1017.47,18.37
2025-05-23 01:00:00,12628.22,48.11,1017.23,16.73
2025-05-23 03:00:00,12629.12,50.14,1016.77,15.49
2025-05-23 05:00:00,12629.75,52.08,1016.5,14.72
2025-05-23 07:00:00,12630.0,54.11,1017.07,13.75
2025-05-23 09:00:00,12630.17,54.99,1017.74,14.14
2025-05-23 11:00:00,12632.53,53.07,1017.47,18.17
2025-05-23 13:00:00,12632.0,46.16,1015.55,23.93
2025-05-23 15:00:00,12631.7,36.58,1013.24,30.51
2025-05-23 17:00:00,12630.58,29.05,1012.25,33.14
2025-05-23 19:00:00,12629.0,37.6,1012.55,23.82
2025-05-23 21:00:00,12627.92,42.77,1012.94,21.2
2025-05-23 23:00:00,12627.86,46.89,1013.01,19.55
2025-05-24 01:00:00,12628.64,50.33,1013.31,18.73
2025-05-24 03:00:00,12629.0,53.61,1012.75,18.34
2025-05-24 05:00:00,12629.0,56.8,1012.1,18.06
2025-05-24 07:00:00,12629.91,59.36,1011.94,17.86
2025-05-24 09:00:00,12629.5,61.54,1012.82,17.76
2025-05-24 11:00:00,12630.0,63.02,1014.0,17.81
2025-05-24 13:00:00,12630.18,64.26,1013.32,18.25
2025-05-24 15:00:00,12630.5,65.86,1012.1,18.99
2025-05-24 17:00:00,12630.0,66.66,1011.31,20.0
2025-05-24 19:00:00,12629.73,66.72,1012.5,20.06
2025-05-24 21:00:00,12629.2,67.04,1012.97,19.5
2025-05-26 05:00:00,12628.0,69.37,1007.5,21.66
2025-05-26 07:00:00,12628.0,69.33,1006.53,21.6
2025-05-26 09:00:00,12628.0,68.76,1008.12,21.7
2025-05-26 11:00:00,12628.0,68.74,1007.81,22.18
2025-05-26 13:00:00,12628.67,67.98,1006.65,22.99
2025-05-26 15:00:00,12629.38,68.1,1005.33,22.63
2025-05-26 17:00:00,12628.9,68.4,1004.57,22.0
2025-05-26 19:00:00,12628.6,69.42,1004.65,21.61
2025-05-26 21:00:00,12628.0,68.51,1003.69,21.79
2025-05-26 23:00:00,12627.88,68.12,1002.47,21.66
2025-05-27 01:00:00,12627.67,67.23,1000.73,21.55
2025-05-27 03:00:00,12627.88,68.44,1001.93,20.92
2025-05-27 05:00:00,12628.0,69.29,996.64,20.61
2025-05-27 07:00:00,12628.0,69.28,998.89,20.66
2025-05-27 09:00:00,12628.0,70.17,999.84,20.4
2025-05-27 11:00:00,12628.0,70.05,1001.03,20.9
2025-05-27 13:00:00,12628.62,70.31,1001.57,21.34
2025-05-27 15:00:00,12628.7,70.58,1001.47,21.52
2025-05-27 17:00:00,12628.08,70.26,1003.14,19.06
2025-05-27 19:00:00,12628.0,69.69,1005.41,17.55
2025-05-27 21:00:00,12628.7,69.11,1006.65,16.86
2025-05-27 23:00:00,12629.73,68.62,1007.91,16.51
2025-05-28 01:00:00,12630.0,68.43,1009.34,15.35
2025-05-28 03:00:00,12630.13,66.56,1009.63,14.99
2025-05-28 05:00:00,12630.0,67.02,1010.66,14.12
2025-05-28 07:00:00,12630.0,66.77,1012.19,13.69
2025-05-28 09:00:00,12630.0,65.36,1014.97,13.9
2025-05-28 11:00:00,12630.33,65.18,1016.07,13.99
2025-05-28 13:00:00,12630.29,61.37,1016.73,15.5
2025-05-28 15:00:00,12630.2,57.67,1016.8,16.02
2025-05-28 17:00:00,12630.0,56.38,1017.36,15.5
2025-05-28 19:00:00,12630.11,56.0,1018.29,14.58
2025-05-28 21:00:00,12630.11,57.43,1019.23,13.08
2025-05-28 23:00:00,12629.8,58.81,1020.32,12.0
2025-05-29 01:00:00,12629.0,59.84,1020.43,11.37
2025-05-29 03:00:00,12629.0,61.15,1019.84,10.65
2025-05-29 05:00:00,12629.0,61.51,1019.81,10.28
2025-05-29 07:00:00,12629.0,62.47,1020.69,9.59
2025-05-29 09:00:00,12631.0,62.69,1021.53,11.18
2025-05-29 11:00:00,12635.25,61.83,1022.21,14.28
2025-05-29 13:00:00,12636.08,54.48,1021.28,18.49
2025-05-29 15:00:00,12631.9,48.07,1019.65,20.86
2025-05-29 17:00:00,12630.3,40.12,1019.26,24.42
2025-05-29 19:00:00,12630.56,45.4,1019.58,16.94
2025-05-29 21:00:00,12630.0,50.01,1019.75,14.95
2025-05-29 23:00:00,12630.0,52.55,1019.77,13.67
2025-05-30 01:00:00,12629.9,55.0,1019.65,12.64
2025-05-30 03:00:00,12629.1,56.84,1019.58,12.07
2025-05-30 05:00:00,12628.88,58.85,1018.89,11.16
2025-05-30 07:00:00,12629.0,59.9,1019.13,10.46
2025-05-30 09:00:00,12629.53,60.5,1019.68,10.89
2025-05-30 11:00:00,12634.17,59.46,1019.57,15.04
2025-05-30 13:00:00,12634.64,53.3,1017.91,18.64
2025-05-30 15:00:00,12632.0,45.35,1016.34,22.37
2025-05-30 17:00:00,12630.5,38.22,1015.27,23.81
2025-05-30 19:00:00,12629.6,44.82,1015.81,17.96
2025-05-30 21:00:00,12629.0,48.78,1016.37,16.16
2025-05-30 23:00:00,12629.38,52.08,1016.25,14.75
2025-05-31 01:00:00,12629.91,54.79,1016.64,13.36
2025-05-31 03:00:00,12629.75,55.83,1016.7,12.74
2025-05-31 05:00:00,12629.0,56.66,1016.3,11.93
2025-05-31 07:00:00,12629.0,58.13,1016.88,11.06
2025-05-31 09:00:00,12629.92,58.82,1017.79,11.91
2025-05-31 11:00:00,12635.0,57.54,1018.26,16.23
2025-06-01 13:00:00,12634.3,51.67,1019.84,20.97
2025-06-01 15:00:00,12632.0,41.35,1017.9,25.95
2025-06-01 17:00:00,12630.33,33.96,1017.2,28.52
2025-06-01 19:00:00,12629.83,41.45,1017.57,19.71
2025-06-01 21:00:00,12629.64,45.55,1017.7,17.28
2025-06-01 23:00:00,12629.88,47.91,1017.55,15.69
2025-06-02 01:00:00,12630.0,49.89,1017.33,14.22
2025-06-02 03:00:00,12629.57,52.21,1016.63,12.96
2025-06-02 05:00:00,12628.92,54.05,1016.07,12.11
2025-06-02 07:00:00,12629.0,55.14,1016.53,11.1
2025-06-02 09:00:00,12630.0,56.52,1016.84,12.26
2025-06-02 11:00:00,12634.8,56.03,1016.6,16.37
2025-06-02 13:00:00,12635.1,50.48,1014.67,22.68
2025-06-02 15:00:00,12632.0,42.57,1013.1,27.61
2025-06-02 17:00:00,12630.75,33.4,1012.63,31.57
2025-06-02 19:00:00,12629.9,42.69,1012.88,22.61
2025-06-02 21:00:00,12629.0,47.88,1013.14,19.97
2025-06-02 23:00:00,12628.58,51.63,1013.37,18.6
2025-06-03 01:00:00,12629.0,54.02,1013.29,17.34
2025-06-03 03:00:00,12629.64,55.45,1013.08,16.67
2025-06-03 05:00:00,12630.0,57.45,1012.17,16.28
2025-06-03 07:00:00,12630.44,60.46,1012.08,16.76
2025-06-03 09:00:00,12630.62,62.84,1012.44,17.04
2025-06-03 11:00:00,12630.5,62.88,1012.33,18.52
2025-06-03 13:00:00,12630.0,62.76,1011.38,19.26
2025-06-03 15:00:00,12630.8,63.36,1009.49,19.5
2025-06-03 17:00:00,12630.11,62.9,1008.84,20.06
2025-06-03 19:00:00,12629.0,63.45,1008.32,18.59
2025-06-03 21:00:00,12629.0,64.39,1008.56,17.5
2025-06-03 23:00:00,12629.29,63.91,1008.32,16.52
2025-06-04 01:00:00,12630.0,63.83,1008.23,15.89
2025-06-04 03:00:00,12630.0,63.77,1007.82,15.8
2025-06-04 05:00:00,12630.25,65.19,1007.55,15.88
2025-06-04 07:00:00,12630.83,66.7,1007.9,16.25
2025-06-04 09:00:00,12630.7,67.81,1008.53,17.14
2025-06-04 11:00:00,12629.78,68.33,1008.78,18.9
2025-06-04 13:00:00,12629.86,66.51,1007.42,22.1
2025-06-04 15:00:00,12631.44,59.94,1006.31,27.89
2025-06-04 17:00:00,12630.92,47.06,1006.15,32.11
2025-06-04 19:00:00,12629.18,55.58,1007.32,23.59
2025-06-04 21:00:00,12628.86,58.84,1008.41,22.27
2025-06-04 23:00:00,12628.0,59.5,1008.98,21.23
2025-06-05 01:00:00,12628.0,60.46,1009.34,20.86
2025-06-05 03:00:00,12628.0,61.21,1009.16,19.69
2025-06-05 05:00:00,12628.8,62.17,1009.05,17.97
2025-06-05 07:00:00,12629.38,62.74,1010.44,17.23
2025-06-05 13:00:00,12630.29,56.43,1012.64,24.13
2025-06-05 15:00:00,12631.4,45.41,1011.71,30.2
2025-06-05 17:00:00,12630.4,40.19,1012.2,29.77
2025-06-05 19:00:00,12628.29,48.88,1013.47,21.3
2025-06-05 21:00:00,12627.75,52.33,1014.37,19.12
2025-06-05 23:00:00,12628.62,53.86,1015.39,17.43
2025-06-06 01:00:00,12629.18,55.18,1015.89,16.35
2025-06-06 03:00:00,12630.0,56.61,1015.63,14.55
2025-06-06 05:00:00,12630.0,57.63,1015.57,13.7
2025-06-06 07:00:00,12630.0,58.83,1016.2,13.27
2025-06-06 09:00:00,12629.5,59.29,1017.02,13.38
2025-06-06 11:00:00,12631.0,57.93,1017.14,17.4
2025-06-06 13:00:00,12631.33,52.08,1016.27,21.98
2025-06-06 15:00:00,12630.8,42.24,1014.5,26.5
2025-06-06 17:00:00,12630.25,42.36,1013.8,23.09
2025-06-06 19:00:00,12629.2,46.25,1013.88,19.72
2025-06-06 21:00:00,12629.0,49.29,1014.1,17.86
2025-06-06 23:00:00,12629.0,52.54,1013.32,15.87
2025-06-07 01:00:00,12629.55,54.57,1013.4,14.7
2025-06-07 03:00:00,12629.85,56.95,1013.78,13.87
2025-06-07 05:00:00,12629.67,58.13,1013.4,12.7
2025-06-07 07:00:00,12629.0,58.81,1013.8,11.6
2025-06-07 09:00:00,12629.5,58.81,1014.49,12.63
2025-06-07 11:00:00,12630.83,58.66,1013.58,16.03
2025-06-07 13:00:00,12632.55,52.58,1012.38,21.66
2025-06-07 23:00:00,12629.12,47.35,1012.93,15.91
2025-06-08 01:00:00,12629.42,50.36,1013.98,14.49
2025-06-09 07:00:00,12629.0,55.27,1017.96,12.39
2025-06-09 09:00:00,12629.5,56.83,1019.2,12.32
2025-06-09 11:00:00,12630.0,57.28,1019.86,13.89
2025-06-09 13:00:00,12631.0,56.52,1018.9,15.78
2025-06-09 15:00:00,12631.0,55.48,1017.9,16.41
2025-06-09 17:00:00,12630.09,55.64,1017.64,15.95
2025-06-09 19:00:00,12630.0,55.29,1017.88,15.65
2025-06-09 21:00:00,12630.14,54.76,1019.0,15.02
2025-06-09 23:00:00,12630.73,54.47,1019.34,14.45
2025-06-10 01:00:00,12630.89,55.1,1018.94,13.34
2025-06-10 03:00:00,12629.18,55.97,1018.36,11.81
2025-06-10 05:00:00,12629.0,56.95,1018.25,10.44
2025-06-10 07:00:00,12628.09,57.47,1019.08,9.3
2025-06-10 09:00:00,12630.17,57.91,1020.01,10.1
2025-06-10 11:00:00,12634.6,56.92,1020.4,14.26
2025-06-10 13:00:00,12635.5,53.33,1019.54,18.37
2025-06-10 15:00:00,12633.0,42.19,1018.07,26.03
2025-06-10 23:00:00,12629.86,47.18,1019.64,15.26
2025-06-11 01:00:00,12630.0,48.98,1019.94,13.78
2025-06-11 03:00:00,12629.33,50.16,1019.88,12.4
2025-06-11 05:00:00,12629.0,51.4,1019.79,11.41
2025-06-11 07:00:00,12629.0,52.7,1020.59,10.54
2025-06-11 09:00:00,12630.09,53.91,1022.04,11.37
2025-06-11 11:00:00,12634.38,53.14,1022.35,14.73
2025-06-11 13:00:00,12634.2,47.74,1021.6,19.84
2025-06-11 15:00:00,12631.58,39.02,1019.47,25.97
2025-06-12 01:00:00,12630.0,46.35,1018.22,13.32
2025-06-12 03:00:00,12629.71,49.65,1017.02,12.06
2025-06-12 05:00:00,12629.0,51.91,1015.99,11.27
2025-06-12 07:00:00,12629.0,53.86,1015.79,10.32
2025-06-12 09:00:00,12630.0,55.78,1015.88,11.15
2025-06-12 11:00:00,12634.17,55.59,1015.53,14.56
2025-06-12 13:00:00,12633.0,,,
2025-06-12 15:00:00,12630.75,39.12,1010.94,26.55
2025-06-12 17:00:00,12630.0,34.1,1009.52,27.56
2025-06-12 19:00:00,12629.0,42.36,1009.5,19.88
2025-06-12 23:00:00,12629.82,48.97,1010.75,16.29
2025-06-13 09:00:00,12630.18,53.71,1011.81,15.39
2025-06-13 11:00:00,12630.2,53.78,1012.17,17.15
2025-06-13 13:00:00,12630.7,50.63,1011.04,19.02
2025-06-13 15:00:00,12630.0,50.61,1009.64,18.99
2025-06-13 17:00:00,12630.0,51.53,1009.32,19.03
2025-06-13 19:00:00,12631.0,53.61,1009.39,18.25
2025-06-13 21:00:00,12631.0,55.39,1009.53,17.99
2025-06-13 23:00:00,12630.43,56.56,1008.89,17.92
2025-06-14 01:00:00,12629.56,58.96,1008.72,17.53
2025-06-14 03:00:00,12630.0,62.53,1006.61,17.7
2025-06-14 05:00:00,12630.62,64.27,1005.32,17.57
2025-06-14 07:00:00,12630.0,65.04,1005.81,17.73
2025-06-14 09:00:00,12630.57,65.9,1005.62,17.46
2025-06-14 11:00:00,12630.0,,,
2025-06-14 13:00:00,12630.8,66.3,1004.2,18.37
2025-06-14 17:00:00,12629.5,66.37,1004.77,17.98
2025-06-14 19:00:00,12630.0,66.1,1008.0,17.56
2025-06-14 21:00:00,12630.0,66.4,1009.28,16.76
2025-06-14 23:00:00,12629.75,66.11,1008.96,16.29
2025-06-15 01:00:00,12630.0,66.07,1008.79,15.85
2025-06-15 03:00:00,12630.0,65.47,1009.24,15.81
2025-06-15 05:00:00,12630.0,66.22,1010.21,15.42
2025-06-15 07:00:00,12630.0,65.6,1011.22,15.41
2025-06-15 09:00:00,12630.0,64.6,1012.37,15.34
2025-06-15 11:00:00,12631.0,63.17,1013.5,15.53
2025-06-15 13:00:00,12630.25,62.94,1013.12,15.27
2025-06-15 15:00:00,12630.0,62.27,1012.18,15.44
2025-06-15 17:00:00,12631.0,61.2,1011.73,15.66
2025-06-15 21:00:00,12630.33,61.03,1012.09,15.22
2025-06-15 23:00:00,12631.0,60.7,1012.78,14.97
2025-06-16 01:00:00,12630.0,61.41,1012.34,14.8
2025-06-16 03:00:00,12630.2,61.47,1011.51,14.6
2025-06-16 05:00:00,12630.71,62.69,1010.87,13.32
2025-06-16 07:00:00,12630.0,63.97,1011.05,12.76
2025-06-16 09:00:00,12630.0,64.87,1011.36,12.87
2025-06-16 11:00:00,12632.0,64.17,1011.36,16.37
2025-06-16 13:00:00,12631.69,62.91,1008.95,19.14
2025-06-16 15:00:00,12631.0,60.3,1005.64,21.16
2025-06-16 17:00:00,12631.0,61.45,1004.57,20.79
2025-06-16 21:00:00,12630.0,,,
2025-06-16 23:00:00,12629.29,67.28,1005.12,20.34
2025-06-17 01:00:00,12630.0,68.32,1005.46,20.09
2025-06-17 03:00:00,12629.67,68.2,1006.02,20.19
2025-06-17 05:00:00,12630.0,69.0,1006.12,19.66
2025-06-17 07:00:00,12630.0,69.09,1007.89,19.55
2025-06-17 09:00:00,12630.0,69.41,1009.48,19.34
2025-06-17 11:00:00,12630.75,68.0,1010.09,20.42
2025-06-17 13:00:00,12630.0,66.4,1009.49,20.7
2025-06-17 15:00:00,12630.0,64.83,1008.29,21.03
2025-06-17 17:00:00,12629.11,65.33,1008.52,20.14
2025-06-18 01:00:00,12629.0,66.54,1011.97,17.32
2025-06-18 03:00:00,12629.0,67.52,1011.52,16.56
2025-06-18 05:00:00,12629.71,67.94,1010.65,16.4
2025-06-18 07:00:00,12629.67,67.79,1010.76,16.51
2025-06-18 09:00:00,12629.82,68.04,1012.14,16.63
2025-06-18 11:00:00,12630.0,67.94,1012.73,17.42
2025-06-18 13:00:00,12630.83,66.34,1012.35,17.93
2025-06-18 15:00:00,12630.5,66.38,1011.83,17.26
2025-06-18 17:00:00,12630.9,66.16,1012.84,16.87
2025-06-18 19:00:00,12631.0,65.59,1014.74,16.43
2025-06-18 21:00:00,12630.58,64.72,1015.21,16.07
2025-06-18 23:00:00,12630.0,63.96,1015.14,15.05
2025-06-19 01:00:00,12630.0,64.63,1014.48,14.1
2025-06-19 03:00:00,12630.4,65.09,1015.41,14.51
2025-06-19 07:00:00,12630.33,65.77,1015.43,12.96
2025-06-19 09:00:00,12630.33,65.21,1016.69,13.65
2025-06-19 11:00:00,12632.13,63.63,1017.31,16.73
2025-06-20 01:00:00,12629.73,62.6,1016.12,16.58
2025-06-20 03:00:00,12630.0,61.5,1015.2,16.2
2025-06-20 05:00:00,12629.92,61.93,1014.31,14.96
2025-06-20 07:00:00,12630.0,62.22,1014.57,14.09
2025-06-20 09:00:00,12629.9,62.15,1015.21,14.37
2025-06-20 11:00:00,12631.79,62.17,1015.17,16.78
2025-06-20 13:00:00,12631.33,58.54,1013.68,22.54
2025-06-20 15:00:00,12630.0,52.9,1012.23,24.41
2025-06-20 17:00:00,12630.4,43.41,1011.83,29.27
2025-06-20 19:00:00,12629.08,49.23,1012.25,21.2
2025-06-20 21:00:00,12628.2,53.96,1012.52,18.89
2025-06-20 23:00:00,12628.79,55.98,1012.36,17.19
2025-06-21 01:00:00,12629.29,58.07,1011.95,15.76
2025-06-21 03:00:00,12629.8,59.18,1011.11,15.3
2025-06-21 05:00:00,12630.0,60.55,1010.87,14.78
2025-06-21 07:00:00,12631.0,62.96,1011.38,14.52
2025-06-21 09:00:00,12630.53,64.24,1011.36,14.74
2025-06-21 11:00:00,12630.0,64.45,1011.5,15.93
2025-06-21 13:00:00,12630.0,62.0,1010.03,19.25
2025-06-21 15:00:00,12629.78,59.24,1008.29,20.1
2025-06-21 17:00:00,12630.08,55.5,1007.03,22.05
2025-06-21 19:00:00,12629.33,58.65,1006.79,18.38
2025-06-21 21:00:00,12628.88,60.9,1006.36,16.78
2025-06-21 23:00:00,12629.5,61.3,1006.19,15.97
2025-06-22 01:00:00,12630.0,62.36,1004.8,14.82
2025-06-22 03:00:00,12630.0,63.34,1003.33,14.51
2025-06-22 05:00:00,12630.14,64.43,1002.74,14.46
2025-06-22 07:00:00,12630.08,64.84,1002.77,14.38
2025-06-22 09:00:00,12630.0,65.6,1003.42,15.31
2025-06-22 11:00:00,12630.55,64.73,1003.37,17.94
2025-06-22 13:00:00,12630.0,64.45,1002.63,18.1
2025-06-22 15:00:00,12630.0,63.88,1001.33,18.89
2025-06-22 17:00:00,12630.67,63.39,1000.71,18.12
2025-06-22 19:00:00,12630.9,63.33,1001.66,17.2
2025-06-22 21:00:00,12630.22,63.2,1004.01,16.4
2025-06-22 23:00:00,12630.0,62.8,1005.84,15.59
2025-06-23 01:00:00,12630.29,58.24,1009.21,12.88
2025-06-23 03:00:00,12629.3,54.67,1009.74,11.14
2025-06-23 05:00:00,12629.0,54.85,1010.0,10.12
2025-06-23 07:00:00,12629.0,54.59,1010.89,9.78
2025-06-23 09:00:00,12630.22,54.34,1012.42,9.14
2025-06-23 11:00:00,12634.6,51.26,1013.48,11.32
2025-06-23 13:00:00,12634.67,44.06,1012.53,14.87
2025-06-23 15:00:00,12632.75,38.89,1011.65,18.98
2025-06-23 17:00:00,12630.56,32.84,1011.66,21.49
2025-06-23 19:00:00,12629.25,38.85,1012.62,12.98
2025-06-23 21:00:00,12628.5,40.5,1013.46,11.23
2025-06-23 23:00:00,12629.0,42.52,1014.15,9.78
2025-06-24 01:00:00,12629.22,44.91,1014.37,8.46
2025-06-24 03:00:00,12629.0,47.03,1014.23,7.38
2025-06-24 05:00:00,12629.0,48.32,1014.16,6.62
2025-06-24 07:00:00,12629.08,49.36,1014.79,6.21
2025-06-24 09:00:00,12631.3,49.42,1015.35,7.56
2025-06-24 11:00:00,12635.36,44.8,1015.16,11.76
2025-06-24 13:00:00,12636.0,36.76,1013.54,16.8
2025-06-24 15:00:00,12633.9,30.62,1011.72,20.78
2025-06-24 17:00:00,12631.43,25.32,1010.92,24.29
2025-06-24 19:00:00,12630.71,30.5,1010.98,16.03
2025-06-24 21:00:00,12630.67,37.11,1011.5,12.68
2025-06-24 23:00:00,12629.71,39.95,1011.58,11.69
2025-06-25 01:00:00,12628.88,44.53,1011.08,10.38
2025-06-25 03:00:00,12629.0,47.87,1010.2,9.73
2025-06-25 05:00:00,12629.0,50.21,1009.59,9.43
2025-06-25 07:00:00,12629.2,52.58,1009.74,8.7
2025-06-25 09:00:00,12631.0,53.24,1010.8,9.87
2025-06-25 11:00:00,12635.75,47.87,1010.51,14.87
2025-06-25 13:00:00,12635.57,41.88,1009.13,18.17
2025-06-25 15:00:00,12633.64,36.46,1008.14,21.3
2025-06-25 17:00:00,12629.88,36.94,1008.05,19.09
2025-06-25 23:00:00,12630.67,47.12,1010.26,16.55
2025-06-26 01:00:00,12630.9,50.48,1010.19,15.81
2025-06-27 01:00:00,12629.64,42.45,1016.55,12.55
2025-06-27 03:00:00,12629.0,43.46,1016.48,11.63
2025-06-27 05:00:00,12628.9,45.45,1016.74,10.15
2025-06-27 07:00:00,12628.89,47.56,1017.57,9.27
2025-06-27 09:00:00,12630.73,48.98,1018.34,9.57
2025-06-27 11:00:00,12635.31,48.64,1018.59,13.12
2025-06-28 07:00:00,12629.23,49.38,1011.49,11.29
2025-06-28 23:00:00,12630.17,51.76,1012.11,14.63
2025-06-29 01:00:00,12631.29,53.42,1012.19,13.18
2025-06-29 03:00:00,12629.21,55.51,1013.16,13.77
2025-06-29 05:00:00,12629.4,56.2,1015.12,13.82
2025-06-29 07:00:00,12629.38,56.51,1016.94,13.08
2025-06-29 13:00:00,12631.2,54.15,1020.89,15.57
2025-06-29 19:00:00,12630.0,49.69,1023.29,13.29
2025-06-29 21:00:00,12629.91,50.96,1024.52,11.55
2025-06-29 23:00:00,12629.0,51.63,1026.08,10.49
2025-06-30 01:00:00,12629.0,50.87,1026.65,9.37
2025-06-30 03:00:00,12629.25,50.8,1026.4,8.26
2025-06-30 05:00:00,12630.0,52.0,1025.93,7.24
2025-06-30 07:00:00,12630.0,53.58,1026.29,6.47
2025-06-30 09:00:00,12631.6,54.73,1027.14,6.64
2025-07-02 11:00:00,12635.58,48.66,1030.36,9.27
2025-07-03 05:00:00,12630.0,47.63,1026.15,7.87
2025-07-03 07:00:00,12630.0,49.77,1025.99,7.27
2025-07-03 09:00:00,12631.33,51.12,1026.14,7.93
2025-07-04 03:00:00,12628.83,52.67,1020.15,11.33
2025-07-04 05:00:00,12629.0,54.68,1019.39,10.5
2025-07-04 07:00:00,12629.31,55.97,1019.99,9.84
2025-07-09 11:00:00,12631.88,53.09,1020.36,18.74
2025-07-11 09:00:00,12629.53,56.37,1020.78,11.83
2025-07-11 11:00:00,12633.57,56.96,1021.17,16.25
2025-07-11 13:00:00,12634.36,53.21,1020.3,21.31
2025-07-11 15:00:00,12631.17,46.42,1018.98,26.44
2025-07-11 17:00:00,12630.08,35.56,1018.54,32.25
2025-07-11 19:00:00,12629.83,43.4,1019.04,21.63
2025-07-11 21:00:00,12629.76,47.61,1019.86,18.93
2025-07-11 23:00:00,12629.77,48.71,1020.43,17.37
2025-07-12 01:00:00,12629.45,49.99,1020.31,16.38
2025-07-12 03:00:00,12630.8,52.55,1020.25,15.43
2025-07-12 05:00:00,12631.0,54.95,1019.3,14.15
2025-07-12 07:00:00,12630.58,56.89,1019.78,13.89
2025-07-12 09:00:00,12629.67,59.19,1020.1,13.91
2025-07-12 11:00:00,12629.64,59.37,1020.9,15.3
2025-07-12 13:00:00,12630.67,56.73,1019.96,19.33
2025-07-12 15:00:00,12630.33,46.24,1017.78,25.37
2025-07-13 01:00:00,12630.0,53.19,1018.28,17.35
2025-07-13 03:00:00,12630.69,54.74,1018.73,16.44
2025-07-13 05:00:00,12631.0,56.98,1017.37,15.98
2025-07-13 07:00:00,12631.38,59.6,1017.82,15.58
2025-07-13 09:00:00,12631.12,60.31,1019.36,15.49
2025-07-13 11:00:00,12631.0,61.03,1019.5,15.66
2025-07-13 13:00:00,12630.0,61.51,1018.07,17.05
2025-07-13 15:00:00,12629.86,60.78,1016.81,19.0
2025-07-13 17:00:00,12630.12,59.31,1016.82,19.81
2025-07-13 19:00:00,12631.77,60.38,1017.19,18.2
2025-07-14 07:00:00,12631.4,64.33,1016.96,15.08
2025-07-14 09:00:00,12631.5,65.2,1017.46,15.42
2025-07-14 11:00:00,12630.5,65.32,1017.84,16.83
2025-07-24 07:00:00,12629.0,55.26,1017.04,12.59
2025-07-24 09:00:00,12630.0,55.71,1017.37,13.22
