Timestamp;DI-001;DI-002;DI-003;DI-004;DI-005;DI-006;DI-007;DI-008;DI-009;DI-010;DI-011;DI-012;Hum.;Pres.;Temp.
2025-11-01 13:00:00;12633.461538461539;24681.25;12754.5;24676;11885.416666666666;24647;11248.083333333334;24668.8;2817;24620;12417;24646.2;31.333333333333332;1005.4677777777779;35.062222222222225
2025-11-01 15:00:00;12633.3125;24682.615384615383;12753.777777777777;24677.30769230769;11883.846153846154;24647.5;11248.5;24669;2817;24620.571428571428;12414.75;24645.615384615383;27.092307692307696;1003.6238461538462;38.38923076923077
2025-11-01 17:00:00;12632.846153846154;24682.428571428572;12751.9;24677.5;11881.7;24648.375;11248;24663.714285714286;2817;24622;12411.375;24646.636363636364;26.883333333333336;1003.4783333333334;36.60166666666667
2025-11-01 19:00:00;12634;24682.125;12750.333333333334;24677;11879.181818181818;24649;11248.222222222223;21298.875;2817;24621.85714285714;12410.363636363636;24647.833333333332;30.578571428571426;1003.9092857142858;33.916428571428575
2025-11-01 21:00:00;12634.272727272728;24681.5;12749.076923076924;24676.909090909092;11878.181818181818;24648.69230769231;11247.64705882353;21806.4;2817;24622;12408.92857142857;24646.666666666668;34.97777777777778;1004.8144444444445;32.01555555555555
2025-11-01 23:00:00;12634.9375;24682;12749.142857142857;24676.18181818182;11879.07142857143;24647.25;11249;24666.545454545456;2817;24621.714285714286;12409;24646.125;37.355555555555554;1005.5822222222222;30.93777777777778
2025-11-02 01:00:00;12633.785714285714;24682;12749;24676.7;11879.4;24647;11247.1;24669.909090909092;2817;24620.909090909092;12408.285714285714;24646;42.37499999999999;1006.005;29.338749999999997
2025-11-02 03:00:00;12633.5;24682.222222222223;12749;24676.866666666665;11878.777777777777;24647;11247.692307692309;24669;2817;24620;12408;24646;48.21333333333333;1006.2093333333335;27.4
2025-11-02 05:00:00;12633.76923076923;24682.214285714286;12749;24676.375;11878.1;24648;11246.818181818182;24668.125;2817;24620;12408;24646;51.33076923076923;1006.0653846153845;26.560000000000002
2025-11-02 07:00:00;12633.833333333334;24681.9;12749.375;24676.30769230769;11878.727272727272;24648;11246;24668.76923076923;2817;24620;12409;24645.272727272728;51.971428571428575;1007.3249999999998;26.634999999999998
2025-11-02 09:00:00;12632.363636363636;24681;12750.833333333334;24676.083333333332;11880.076923076924;24647.23076923077;11247.111111111111;24668.727272727272;2817;24620.333333333332;12409.7;24645;51.52307692307692;1007.4299999999998;27.87461538461539
2025-11-02 11:00:00;12632.555555555555;24681;12752.3;24675.666666666668;11881.214285714286;24647;11247.615384615385;24668.090909090908;2817;24619.833333333332;12411.307692307691;24644.9;48.53571428571429;1006.9607142857143;30.13642857142857
2025-11-02 13:00:00;12633.5;24682;12752.5;24676;11882;24647.666666666668;11247.57142857143;24668.571428571428;2817;24620;12411.166666666666;24645.714285714286;45.58125;1006.0774999999999;31.250625
2025-11-02 15:00:00;12633.133333333333;24682;12751.384615384615;24675.75;11881.076923076924;24647.8;11247.142857142857;24669;2817;24620.076923076922;12411.166666666666;24646.066666666666;44.45000000000001;1004.5321428571427;31.26357142857142
2025-11-02 17:00:00;12633.214285714286;24682;12749.4;24676.090909090908;11879;24647;11246.2;24669.555555555555;2817;24620.285714285714;12408.42857142857;24646.555555555555;48.406666666666666;1003.9593333333333;28.299333333333333
2025-11-02 19:00:00;12631.5;24681.8;12749.2;24676.5;11879.818181818182;24647.85714285714;11246.666666666666;24669.666666666668;2817;24620.0625;12408.1;24646;51.26153846153846;1004.1330769230769;27.73692307692308
2025-11-02 21:00:00;12633;24682;12749.833333333334;24676.3;11878.125;24647.625;11246;24669;2817;24620;12407.454545454546;24645.555555555555;54.22;1005.1693333333333;25.83866666666666
2025-11-02 23:00:00;12633.272727272728;24681.272727272728;12749.23076923077;24676.090909090908;11878.666666666666;24647;11246;24668.583333333332;2817;24620;12407.083333333334;24645.363636363636;56.26923076923077;1005.8469230769231;24.853076923076927
2025-11-03 01:00:00;12633.142857142857;24681;12749.6875;24675.5;11878;24647.090909090908;11246.166666666666;24668.64285714286;2817;24620.75;12407.923076923076;24645;56.91666666666668;1005.6483333333332;23.6575
2025-11-03 03:00:00;12633;24681.272727272728;12749.727272727272;24675;11878;24646.454545454544;11246.833333333334;24669.1;2817;24621;12407.90909090909;24645.2;57.02;1005.4950000000001;23.075
2025-11-03 05:00:00;12633;24681.5;12749.545454545454;24675;11879;24646.5;11245.75;24668.75;2817;24620.555555555555;12407.636363636364;24645.4;57.45;1005.917;21.867
2025-11-03 07:00:00;12632.777777777777;24682;12749.7;24675.555555555555;11879.727272727272;24647;11245.6;24669;2817;24620.18181818182;12408.285714285714;24645;57.225;1006.9816666666666;22.499166666666664
2025-11-03 09:00:00;12632.2;24680.833333333332;12751.9;24675;11882.9;24647;11247;24668.69230769231;2817;24620.428571428572;12412.333333333334;24645.909090909092;52.62222222222222;1007.2633333333334;25.826666666666668
2025-11-03 11:00:00;12631.866666666667;24681.1;12753.6;24675.3;11884.642857142857;24647.571428571428;11247.461538461539;24668.083333333332;2817;24619.285714285714;12415.076923076924;24645.666666666668;43.22142857142857;1006.7607142857141;30.572857142857142
2025-11-03 13:00:00;12632.8125;24681.2;12754;24676.454545454544;11885.272727272728;24646.8;11248.272727272728;24669;2817;24620.285714285714;12416;24645.777777777777;36.11818181818182;1005.7545454545453;35.14454545454545
2025-11-03 15:00:00;12632.75;24682.69230769231;12754.09090909091;24677.8;11882.733333333334;24647.625;11248.833333333334;24669.545454545456;2817;24620.615384615383;12414.111111111111;24645.7;28.96428571428572;1003.827857142857;38.69642857142857
2025-11-03 17:00:00;12632.9;24682;12752.923076923076;24678;11881.90909090909;24648.083333333332;11248.777777777777;24670;2817;24620.35714285714;12412.09090909091;24646.25;25.53;1002.939;40.092
2025-11-03 19:00:00;12633.357142857143;24682.285714285714;12751.5;24677.833333333332;11879.333333333334;24649;11248.7;24669.625;2817;24620.666666666668;12410;24647;27.200000000000003;1003.1908333333334;35.85083333333333
2025-11-03 21:00:00;12635.363636363636;24682.090909090908;12750.181818181818;24676.615384615383;11878.266666666666;24648.363636363636;11247.545454545454;24669.1;2817;24621.18181818182;12408.583333333334;24646.583333333332;32.97777777777778;1003.7688888888891;31.77444444444445
2025-11-03 23:00:00;12633.285714285714;24682;12749;24676.3125;11877.333333333334;24647.777777777777;11247;24670;2817;24621.846153846152;12407.9;24646;34.75833333333333;1003.8008333333333;29.558333333333326
2025-11-04 01:00:00;12633.125;24682;12749;24676.375;11878;24647.14285714286;11247.2;24669.88888888889;2817;24620.222222222223;12407;24645.454545454544;38.1375;1003.25125;27.38875
2025-11-04 03:00:00;12633.066666666668;24682;12749;24676;11878;24647.76923076923;11246.25;24668.25;2817;24620;12407.6;24645.85714285714;41.76666666666667;1003.2616666666668;25.830000000000002
2025-11-04 05:00:00;12633;24681;12749.166666666666;24675.846153846152;11878;24648;11247.09090909091;24668.5;2817;24620.875;12408.111111111111;24646;44.84444444444445;1002.98;24.51
2025-11-04 07:00:00;12633.125;24681.363636363636;12750.25;24675;11878.875;24647.454545454544;11247.09090909091;24668.85714285714;2817;24620.75;12408.833333333334;24646;47.73636363636364;1004.217272727273;24.739090909090905
2025-11-04 09:00:00;12631.833333333334;24681.071428571428;12751.8125;24675.35714285714;11882.3;24647.909090909092;11247.111111111111;24668.533333333333;2817;24620;12412.076923076924;24645.88888888889;47.25;1003.6241666666668;27.441666666666663
2025-11-04 11:00:00;12632.2;24681.1;12753.363636363636;24675.875;11885.125;24647.625;11247.727272727272;24668;2817;24620;12414.727272727272;24646.666666666668;43.375;1002.8408333333335;31.489999999999995
2025-11-04 13:00:00;12633.2;24681.833333333332;12753.5;24676.384615384617;11884.57142857143;24647.23076923077;11249.5;24669.166666666668;2817;24620.333333333332;12415.272727272728;24646;37.48888888888889;1002.2677777777777;35.260000000000005
2025-11-04 15:00:00;12633.5;24682.1;12750.90909090909;24676.833333333332;11881.333333333334;24648;11249;24670.18181818182;2817;24620.5;12411.90909090909;24647;37.763636363636365;1003.1827272727274;33.26727272727272
2025-11-04 17:00:00;12634.545454545454;24681.2;12749.692307692309;24675.5;11877.666666666666;24648;11247.727272727272;24670.125;2817;24621.571428571428;12409;24646.166666666668;44.077777777777776;1003.387777777778;29.77
2025-11-04 19:00:00;12633.75;24681.11111111111;12750;24676;11878.1;24646.909090909092;11248;24669.5;2817;24621;12409;24646;44.31;1003.4519999999999;29.290999999999997
2025-11-04 21:00:00;12633.133333333333;24682.5625;12748.733333333334;24676.222222222223;11878.555555555555;24647;11247;24670;2817;24620.846153846152;12408.846153846154;24646;48.36666666666667;1005.525;26.925
2025-11-04 23:00:00;12632.923076923076;24682;12749.153846153846;24676.2;11878;24647.4;11246.636363636364;24669.545454545456;2817;24620;12407.90909090909;24645.5;51.684615384615384;1007.2084615384616;25.994615384615386
2025-11-05 01:00:00;12634;24681.3;12748.57142857143;24675.571428571428;11878;24648;11246;24668.333333333332;2817;24620;12407.714285714286;24645;52.7625;1008.1575;24.558750000000003
2025-11-05 03:00:00;12633.538461538461;24681;12748;24675;11878;24647.615384615383;11246;24669.166666666668;2817;24621;12408;24645.090909090908;54.2;1008.5384615384615;22.89923076923077
2025-11-05 05:00:00;12633;24681;12749.153846153846;24675;11878.111111111111;24646.5;11246;24669.375;2817;24621;12407.5;24645.454545454544;55.800000000000004;1008.9741666666667;21.598333333333333
2025-11-05 07:00:00;12632.23076923077;24681.6;12749.333333333334;24675;11879.5;24647;11246.545454545454;24669;2817;24620.454545454544;12407.25;24645;56.37500000000001;1011.2843750000001;21.22625
2025-11-05 09:00:00;12632.111111111111;24681.46153846154;12750.9375;24675;11880.916666666666;24647;11247;24669.153846153848;2817;24620;12408.875;24645;53.8;1012.7771428571428;22.398571428571433
2025-11-05 11:00:00;12632.142857142857;24681.53846153846;12752.692307692309;24675;11883.2;24647;11246.916666666666;24668.916666666668;2817;24620;12412;24645.545454545456;48.04545454545455;1013.3127272727273;26.24090909090909
2025-11-05 13:00:00;12631.285714285714;24681.5;12753;24675.88888888889;11883.5;24646.636363636364;11247.555555555555;24668.11111111111;2817;24619.727272727272;12414;24646;39.0875;1013.05125;30.934999999999995
2025-11-05 15:00:00;12631.5;24681.75;12753.285714285714;24675.727272727272;11883.857142857143;24648.14285714286;11248.083333333334;24668.916666666668;2817;24620.5;12414.2;24645.727272727272;31.714285714285715;1012.1771428571428;34.71
2025-11-05 17:00:00;12632.818181818182;24681.846153846152;12753.25;24676.14285714286;11882.333333333334;24647.64285714286;11248.125;24668.071428571428;2817;24621.285714285714;12410.57142857143;24645.916666666668;27.15555555555556;1011.6633333333333;36.440000000000005
2025-11-05 19:00:00;12632.181818181818;24682.333333333332;12751.714285714286;24676.7;11879.818181818182;24647;11247;24669;2817;24621.625;12409.4;24646;27.22307692307692;1011.9807692307693;31.90615384615385
2025-11-05 21:00:00;12632.727272727272;24681.35714285714;12750.125;24676.75;11878.444444444445;24647;11246.818181818182;24669;2817;24620.3;12408;24645.8;30.65;1013.0020000000001;27.821000000000005
2025-11-05 23:00:00;12633.285714285714;24681.285714285714;12750.307692307691;24675.714285714286;11878.181818181818;24648;11246.285714285714;24668.88888888889;2817;24621;12407.57142857143;24645.8;32.73125;1013.7843750000001;24.960624999999993
2025-11-06 01:00:00;12632.333333333334;24681.714285714286;12749.833333333334;24675.5;11878.1;24648.23076923077;11246.875;24668.6;2817;24621;12407.5;24646;34.99230769230769;1013.6630769230768;22.77846153846154
2025-11-06 03:00:00;12632;24681.666666666668;12749.1;24675.2;11878.4375;24647;11246.666666666666;24669.363636363636;2817;24620.454545454544;12407.363636363636;24645.923076923078;37.699999999999996;1013.2708333333331;20.786666666666665
2025-11-06 05:00:00;12631.5;24681;12750.545454545454;24675.18181818182;11879.111111111111;24647;11246.222222222223;24669;2817;24620;12407.4;24646;40.800000000000004;1012.6644444444444;19.247777777777777
2025-11-06 07:00:00;12632.470588235294;24681;12750.70588235294;24675.8;11879.272727272728;24647.666666666668;11246.76923076923;24668.75;2817;24620;12408.181818181818;24646;43.77692307692307;1012.7846153846154;18.992307692307694
2025-11-06 09:00:00;12632.142857142857;24681.4;12752.555555555555;24675.75;11882.25;24648;11246.888888888889;24668;2817;24621;12412.222222222223;24647;42.388888888888886;1012.318888888889;22.128888888888884
2025-11-06 11:00:00;12631.90909090909;24681;12754.125;24675.5;11885;24647;11247.2;24668;2817;24620.545454545456;12414.57142857143;24646.636363636364;36.06250000000001;1011.9225000000001;27.543750000000003
2025-11-06 13:00:00;12632;24682;12754.727272727272;24676.375;11884.777777777777;24647.666666666668;11248;24668.666666666668;2817;24619.571428571428;12415.25;24645.75;29.833333333333332;1009.98;31.506666666666675
2025-11-06 15:00:00;12632.23076923077;24681.125;12753.636363636364;24676.272727272728;11884.375;24647.846153846152;11248.5;24669.666666666668;2817;24620.727272727272;12414.818181818182;24646;25.15;1007.7579999999998;34.602000000000004
2025-11-06 17:00:00;12632.454545454546;24681.6;12752.714285714286;24676.375;11881.666666666666;24647.3;11248.57142857143;24670.153846153848;2817;24621.222222222223;12412.5;24646;24.557142857142857;1005.8842857142856;33.05285714285714
2025-11-06 19:00:00;12632.714285714286;24682.333333333332;12751.333333333334;24677;11880.375;24647.363636363636;11247.25;24668.882352941175;2817;24621;12409.2;24646.214285714286;27.636363636363637;1004.6909090909089;29.94363636363636
2025-11-06 21:00:00;12633;24682;12749.454545454546;24677;11878.333333333334;24648.25;11246.5;24670;2817;24620.272727272728;12408.5;24646;31.13636363636364;1004.1627272727272;27.334545454545456
2025-11-06 23:00:00;12632.363636363636;24681.75;12749.8;24676.7;11877;24648.083333333332;11247;24668.53846153846;2817;24621;12408;24646;32.36;1004.609;25.638000000000005
2025-11-07 01:00:00;12632;24681.555555555555;12749;24676;11877.285714285714;24648.1;11246.272727272728;24668.3;2817;24621;12408;24646;35.71818181818182;1003.9209090909092;23.756363636363634
2025-11-07 03:00:00;12631.545454545454;24682;12750.1;24675;11878;24647.4;11247.09090909091;24669;2817;24621;12408;24646;38.825;1002.3050000000002;22.67
2025-11-07 05:00:00;12631.5625;24681.64285714286;12750;24675.571428571428;11879;24647;11246.8;24669.666666666668;2817;24620.533333333333;12407.555555555555;24646;44.15384615384615;1000.8461538461538;20.88923076923077
2025-11-07 07:00:00;12632.0625;24681;12750.714285714286;24675.5625;11879.6;24647;11246;24668.714285714286;2817;24620;12408;24645.166666666668;48.09999999999998;1003.2164999999999;19.377499999999998
2025-11-07 09:00:00;12632;24681;12751.25;24675.666666666668;11878.555555555555;24647.25;11246.857142857143;24668;2817;24620;12408;24645;51.98333333333334;1002.1266666666667;18.368333333333336
2025-11-07 11:00:00;12632;24681;12751;24676;11879;24648;11247;24668;2817;24620;12408;24645;54.82857142857142;1001.2671428571429;18.321428571428573
2025-11-07 13:00:00;12632;;12752;24676;11881;24648;11247;24668;2817;24620.5;12409;;55.7;1000.9075;21.2025
2025-11-07 15:00:00;12631.666666666666;24681.625;12752;24675.666666666668;11880.375;24648;11246.25;24668.444444444445;2817;24620;12409.333333333334;24646;55.65833333333333;1001.065;20.797500000000003
2025-11-07 17:00:00;12632;24682;12751.5;24676;11879.857142857143;24647.571428571428;11246;24669;2817;24620;12409;24645.75;56.600000000000016;1002.0445454545454;20.00909090909091
2025-11-07 19:00:00;12632;24681.8125;12751.083333333334;24676;11879.272727272728;24648;11246.454545454546;24669;2817;24620;12408.555555555555;24645;57.77142857142858;1003.475;19.192857142857143
2025-11-07 21:00:00;12632.375;24681;12751;24676;11879;24648;11246.42857142857;24669;2817;24620.5;12408;24645.647058823528;60.08333333333332;1005.0058333333335;18.13416666666667
2025-11-07 23:00:00;12632.058823529413;24681;12751.8;24676;11880;24648;11246.833333333334;24668.85714285714;2817;24620.166666666668;12408;24645.555555555555;60.27272727272727;1006.4290909090909;17.42909090909091
2025-11-08 01:00:00;12632;24681;12752;24676;11880;24648;11246.272727272728;24668.88888888889;2817;24620.444444444445;12408;24645.846153846152;60.57272727272728;1006.5400000000002;17.116363636363637
2025-11-08 03:00:00;12632;24681;12752;24676;11880;24648;11246;24668.7;2817;24621;12408;24645.583333333332;60.866666666666674;1007.8125;16.837500000000002
2025-11-08 05:00:00;12632.222222222223;24681;12752;24676;11880;24648;11246;24669;2817;24621;12408;24645.714285714286;61.02222222222221;1008.7533333333332;16.27444444444444
2025-11-08 07:00:00;12633;24681.153846153848;12752.285714285714;24676;11880.222222222223;24647.5;11246;24669;2817;24621;12408;24646;61.23333333333334;1010.1216666666666;16.396666666666665
2025-11-08 09:00:00;12632.166666666666;24681.25;12753.214285714286;24675.333333333332;11882.181818181818;24647.714285714286;11246.111111111111;24668.333333333332;2817;24620.909090909092;12409.4;24645.9;59.82727272727272;1011.4854545454546;18.97727272727273
2025-11-08 11:00:00;12631.2;24681;12754.857142857143;24675;11884.25;24648.2;11246.75;24668;2817;24620.125;12413.25;24646;51.788888888888884;1011.5366666666666;23.869999999999997
2025-11-08 13:00:00;12632.454545454546;24681;12754.714285714286;24675;11884;24647;11247;24668.416666666668;2817;24620.333333333332;12413.923076923076;24646;46.60833333333333;1011.4208333333335;25.915833333333335
2025-11-08 15:00:00;12631.545454545454;24680.53846153846;12753.833333333334;24676;11882.916666666666;24647;11247.066666666668;24668.23076923077;2817;24620;12413.133333333333;24645.9375;41.50714285714286;1010.7235714285714;27.629285714285718
2025-11-08 17:00:00;12632;24681.176470588234;12753.09090909091;24676;11881.454545454546;24647;11247;24668;2817;24619.285714285714;12412.1;24646;40.449999999999996;1010.3989999999998;26.778000000000002
2025-11-08 19:00:00;12632.75;24680.6;12751.642857142857;24676;11880.166666666666;24647;11247;24668;2817;24619.53846153846;12409.785714285714;24645.69230769231;42.164285714285704;1010.7014285714286;25.567142857142862
2025-11-08 21:00:00;12633.166666666666;24681.1;12751.272727272728;24675.909090909092;11879.6;24647;11247;24668.69230769231;2817;24620.416666666668;12408.181818181818;24646;45.788888888888884;1011.9077777777779;23.856666666666666
2025-11-08 23:00:00;12632.4;24681.64285714286;12750.625;24675.88888888889;11879.42857142857;24646.090909090908;11246.333333333334;24669;2817;24620.923076923078;12407.727272727272;24645.583333333332;49.61538461538461;1012.7438461538459;21.63923076923077
2025-11-09 01:00:00;12632.166666666666;24682;12749.833333333334;24676;11879.153846153846;24646.11111111111;11246.2;24669;2817;24620.090909090908;12407.692307692309;24645;51.90714285714286;1013.2399999999999;20.267142857142858
2025-11-09 03:00:00;12632;24681.1;12750.444444444445;24676;11878.625;24647;11246.5;24667.833333333332;2817;24619.85714285714;12407.833333333334;24645;53.007692307692295;1012.9892307692305;19.378461538461536
2025-11-09 05:00:00;12632.4;24681;12751;24676;11878;24647;11246.777777777777;24667.636363636364;2817;24619.7;12407;24645;54.56153846153847;1013.7646153846152;18.063076923076924
2025-11-09 07:00:00;12632.166666666666;24681.18181818182;12751;24676;11879.6;24647.9;11246.272727272728;24668;2817;24620.5;12407.636363636364;24645.25;54.88333333333333;1014.8408333333333;18.755
2025-11-09 09:00:00;12631.846153846154;24681.30769230769;12752.416666666666;24675.384615384617;11883.384615384615;24648.1;11247.166666666666;24667.76923076923;2817;24620;12412.416666666666;24646.076923076922;53.65454545454545;1015.1681818181817;21.955454545454547
2025-11-09 11:00:00;12631.636363636364;24680.6;12754.222222222223;24674.64285714286;11885.785714285714;24647;11246.57142857143;24667.2;2817;24619.88888888889;12415.5;24645.777777777777;46.87333333333333;1015.1679999999999;26.27466666666667
2025-11-09 13:00:00;12632.764705882353;24680.9;12754.5;24675.7;11885.8125;24647.23076923077;11247.8;24667.35714285714;2817;24619.333333333332;12416;24645.090909090908;38.46666666666666;1014.5513333333333;30.65
2025-11-09 15:00:00;12633.142857142857;24682.14285714286;12754.272727272728;24676;11884.625;24646.9;11248.5;24669.1;2817;24620.222222222223;12414.888888888889;24645.363636363636;30.945454545454538;1013.3027272727275;34.58818181818182
2025-11-09 17:00:00;12633.307692307691;24682.454545454544;12753.5;24676.266666666666;11882.615384615385;24647.6;11247.75;24670.75;2817;24621.090909090908;12411.5;24645.69230769231;28.46428571428572;1012.3921428571429;35.45428571428571
2025-11-09 19:00:00;12633.727272727272;24682;12751.75;24678.3;11879;24648;11246.615384615385;24671;2817;24621;12409;24646.11111111111;28.577777777777776;1012.6544444444444;32.60444444444445
2025-11-09 21:00:00;12633.76923076923;24682.3;12749.818181818182;24676.64285714286;11878.75;24647.090909090908;11246.916666666666;24670.2;2817;24621.363636363636;12409;24646;34.23636363636363;1013.7090909090912;28.48818181818182
2025-11-09 23:00:00;12633;24682;12749.9;24677;11878.8;24647;11247.09090909091;24668.666666666668;2817;24620;12407.545454545454;24645.375;39.39;1014.324;25.627999999999997
2025-11-10 01:00:00;12633;24681.4;12749;24676.14285714286;11878;24647.75;11246.57142857143;24668;2817;24620.75;12407.727272727272;24645.53846153846;40.900000000000006;1014.6754545454547;23.846363636363638
2025-11-10 03:00:00;12633;24681.5;12749.142857142857;24675.69230769231;11878;24647.5;11247;24668;2817;24621;12408;24646;41.825;1014.6533333333335;22.3125
2025-11-10 05:00:00;12632.466666666667;24681.4;12749.64705882353;24675.545454545456;11878.875;24647;11246.222222222223;24668.571428571428;2817;24620.333333333332;12407.307692307691;24645.785714285714;43.38666666666667;1014.7073333333334;20.70266666666667
2025-11-10 07:00:00;12631.857142857143;24681.1;12750.363636363636;24676;11878.285714285714;24647.1;11246.1;24668.545454545456;2817;24620;12408;24645.9;43.84615384615385;1015.736923076923;21.050000000000004
2025-11-10 09:00:00;12632.166666666666;24681;12752.07142857143;24675.545454545456;11884.166666666666;24647.444444444445;11247;24668.571428571428;2817;24620.69230769231;12412.6;24646.555555555555;41.14;1016.073;24.770000000000003
2025-11-10 11:00:00;12632.1;24681.2;12754.545454545454;24675.8;11884.57142857143;24647.875;11247.25;24668;2817;24620;12415.083333333334;24646.18181818182;35.14;1015.3520000000001;29.612000000000002
2025-11-10 13:00:00;12632.357142857143;24681.30769230769;12754.666666666666;24676.30769230769;11885.09090909091;24647.14285714286;11247.9;24669.1;2817;24620.153846153848;12415.5;24645.9;29.04545454545455;1013.7500000000001;33.76090909090908
2025-11-10 15:00:00;12632.7;24681.1;12754.333333333334;24676.454545454544;11883;24647.25;11248.75;24669.25;2817;24620.875;12415;24645.714285714286;24.58888888888889;1011.6544444444444;37.17777777777778
2025-11-10 17:00:00;12632.1875;24682.5;12754.285714285714;24677.416666666668;11881.615384615385;24648.923076923078;11248.714285714286;24670;2817;24621.14285714286;12412.333333333334;24646.875;21.827272727272728;1010.2236363636366;38.97454545454546
2025-11-10 19:00:00;12633;24682.6;12752.444444444445;24678.428571428572;11880;24648.666666666668;11248.666666666666;24669.5;2817;24621.25;12410;24647;23.60909090909091;1010.1545454545453;35.07818181818182
2025-11-10 21:00:00;12633.75;24683.11111111111;12749.857142857143;24676.88888888889;11879;24648.333333333332;11247.777777777777;24670.7;2817;24622;12408.625;24646.25;28.977777777777778;1010.3422222222221;30.794444444444448
2025-11-10 23:00:00;12634;24682.14285714286;12749;24677;11878.2;24647.375;11247.833333333334;24670.125;2817;24621.14285714286;12408;24646.25;33.65;1009.8133333333334;27.89333333333333
2025-11-11 01:00:00;12632.7;24682;12748.625;24677;11876.555555555555;24647.428571428572;11247.375;24668.833333333332;2817;24620.444444444445;12407.666666666666;24645.571428571428;37.17777777777778;1009.1311111111112;25.906666666666666
2025-11-11 03:00:00;12633;24681.222222222223;12749.222222222223;24676.18181818182;11878.111111111111;24648;11246.8;24668.88888888889;2817;24621;12407.3;24646;40.708333333333336;1008.3616666666666;23.985833333333332
2025-11-11 05:00:00;12632.7;24682;12749;24676;11878.222222222223;24647.166666666668;11246.333333333334;24668.714285714286;2817;24621;12408;24646;43.392307692307696;1008.573846153846;22.449230769230773
2025-11-11 07:00:00;12632.384615384615;24682;12750.583333333334;24675.833333333332;11879.75;24647.333333333332;11246.181818181818;24669.25;2817;24621;12408.42857142857;24645.8125;44.5142857142857;1008.9814285714289;22.53714285714286
2025-11-11 09:00:00;12632.785714285714;24681.909090909092;12752.666666666666;24675.076923076922;11883.42857142857;24647.733333333334;11247;24669.222222222223;2817;24620.866666666665;12412.1;24646.222222222223;41.21666666666666;1008.6508333333335;26.640833333333337
2025-11-11 11:00:00;12632.461538461539;24681.166666666668;12754;24676;11884.555555555555;24647.923076923078;11248.083333333334;24668.363636363636;2817;24620.272727272728;12414.5;24646.333333333332;36.23333333333333;1007.455;31.279999999999998
2025-11-11 13:00:00;12632.916666666666;24681.833333333332;12753.923076923076;24676.18181818182;11884.181818181818;24647.076923076922;11248.384615384615;24669.3;2817;24620.545454545456;12415.4;24646;30.71666666666667;1005.0391666666665;35.87083333333333
2025-11-11 15:00:00;12633;24681.777777777777;12753.727272727272;24676.916666666668;11883;24647.81818181818;11249.1;24669.7;2817;24621.272727272728;12414.545454545454;24646.5;28.972727272727276;1003.3418181818182;37.737272727272725
2025-11-11 17:00:00;12633.111111111111;24682;12752.333333333334;24678;11881;24648;11248.416666666666;24670.8;2817;24621.81818181818;12412;24647;30.759999999999998;1002.5039999999999;36.842999999999996
2025-11-11 19:00:00;12634;24682.2;12751.2;24679.8;11880;24648.333333333332;11248.5;24670.5;2817;24622;12411.333333333334;24647.833333333332;31.9;1002.365;35.935
2025-11-11 21:00:00;12634.25;24682.2;12749.833333333334;24677;11878;24648.2;;24669.25;2817;24621;12409.5;24646.714285714286;38.15;1003.9549999999999;31.964999999999996
2025-11-11 23:00:00;12634;24682.428571428572;12749;24676.75;11877.222222222223;24648;11247;24669.666666666668;2817;24621.833333333332;12408.5;24646.090909090908;41.256249999999994;1004.7518749999999;30.803749999999994
2025-11-12 01:00:00;12633.285714285714;24682.833333333332;12749.3;24676.583333333332;11878.818181818182;24647;11247.23076923077;24669.846153846152;2817;24622;12408.90909090909;24646;44.03333333333333;1005.2577777777777;29.82444444444444
2025-11-12 03:00:00;12633;24682.4;12750;24676.916666666668;11878.714285714286;24647;11246.285714285714;24668.833333333332;2817;24620.666666666668;12408.625;24645.7;46.714285714285715;1004.8728571428571;28.48
2025-11-12 05:00:00;12632.8;24682;12749.5;24676.23076923077;11878.1;24647.583333333332;11247;24668.7;2817;24620;12408;24645.5625;49.699999999999996;1005.5436363636363;26.84363636363636
2025-11-12 07:00:00;12633;24682;12749.538461538461;24676;11878.857142857143;24647.727272727272;11246.25;24667.875;2817;24620.090909090908;12408.555555555555;24645.615384615383;50.4;1007.0799999999999;27.284000000000002
2025-11-12 09:00:00;12633.2;24682;12751;24676.2;11881.5;24647.4;11247;24668;2817;24620;12411;24645.14285714286;47.7125;1007.0349999999999;29.670000000000005
2025-11-25 09:00:00;;24682;;24676;11883;;;24668;;24620;;;41;1007.12;31.8
2025-11-25 11:00:00;12633;24681.727272727272;12753.555555555555;24676;11885.076923076924;24647.85714285714;11248.76923076923;24667.85714285714;2817;24620.5;12415.214285714286;24647.25;37.67142857142857;1006.8100000000002;34.43928571428571
2025-11-25 13:00:00;12633.181818181818;24682.625;12754.25;24677.875;11885.25;24648.333333333332;11249.818181818182;24669.363636363636;2817;24620.8;12416.307692307691;24647.14285714286;27.8;1005.6700000000001;39.24333333333334
2025-11-25 15:00:00;12633.727272727272;24683;12753.90909090909;24678.69230769231;11884.466666666667;24649;11249.777777777777;24670.8;2817;24622.384615384617;12414.75;24647.5;23.36;1004.8100000000001;41.384
2025-11-25 17:00:00;12634.692307692309;24683.14285714286;12753.181818181818;24678.333333333332;11882.57142857143;24649.454545454544;11250.375;24671;2817;24622.5;12413.4;24647.5;20.733333333333334;1004.1355555555555;43.222222222222236
2025-11-25 19:00:00;12634;24683;12750.625;24681;11879.6;24650.1;11249.363636363636;24672.785714285714;2817;24623;12410.5;24648.1;24.37777777777778;1004.1244444444443;39.15888888888888
2025-11-25 21:00:00;12633.5;24682.428571428572;12748.833333333334;24677.833333333332;11879;24649.125;11248.6;24671.785714285714;2817;24622.727272727272;12409;24648;29.646153846153847;1005.0207692307696;35.350769230769224
2025-11-25 23:00:00;12633.727272727272;24681.923076923078;12748;24677;11878.222222222223;24649;11248.1;24671.153846153848;2817;24621.69230769231;12408.166666666666;24647.2;32.676923076923075;1006.2015384615386;33.12307692307692
2025-11-26 01:00:00;12633.8;24683.5;12747.529411764706;24676.583333333332;11878;24648.833333333332;11247.636363636364;24670.25;2817;24621;12408;24646.18181818182;36.06363636363636;1006.0627272727274;30.675454545454542
2025-11-26 03:00:00;12633.636363636364;24683.071428571428;12748.818181818182;24677;11877.3;24648;11247.583333333334;24669.333333333332;2817;24621.5;12407.888888888889;24646;38.85000000000001;1005.9935714285714;28.52142857142857
2025-11-26 05:00:00;12632.8125;24682;12748.57142857143;24677;11878;24648;11246;24670.25;2817;24621;12407.166666666666;24646;41.10999999999999;1006.7389999999999;26.604000000000003
2025-11-26 07:00:00;12633;24682;12749.538461538461;24677;11878.285714285714;24648;11246.666666666666;24669.666666666668;2817;24620.777777777777;12409.25;24646.6;43.225;1007.89;26.841666666666665
2025-11-26 09:00:00;12632.285714285714;24682.25;12752.5;24676;11881.75;24648.25;11247;24669;2817;24619.75;12412.25;24646;42.35;1008.1225000000001;29.537499999999998
2025-11-26 11:00:00;12632.777777777777;24682;12752.555555555555;24676;11884.5;24647.777777777777;11247.875;24668.285714285714;2817;24621.166666666668;12415;24646.6;36.728571428571435;1007.3557142857143;34.752857142857145
2025-11-26 13:00:00;12633.5;24683;12754;24679;11885;24648.5;11249.666666666666;24670.5;2817;24621.5;12416;24647.333333333332;26.375000000000004;1005.2825;40.29125
2025-11-26 15:00:00;12634;24683.266666666666;12753.307692307691;24679;11883.666666666666;24649.4;11250.4;24670.81818181818;2817;24622.3;12414.90909090909;24648;23.523076923076925;1003.8607692307695;42.526153846153846
2025-11-26 17:00:00;12634.888888888889;24683.714285714286;12752.611111111111;24679;11881.90909090909;24650.333333333332;11249.625;24670.666666666668;2817;24622.69230769231;12412.6;24648.6;21.444444444444443;1002.3244444444445;43.71666666666667
2025-11-26 19:00:00;12634.181818181818;24683.4;12750.636363636364;24681.733333333334;11880.25;24650.571428571428;11250.1;24672.727272727272;2817;24623;12410.9;24648.375;23.766666666666666;1001.9316666666665;40.2
2025-11-26 21:00:00;12634.076923076924;24682.909090909092;12748.5;24678.3;11878.583333333334;24649.071428571428;11248.75;24671.75;2817;24623;12409;24647.363636363636;28.707692307692305;1002.4346153846153;36.182307692307695
2025-11-26 23:00:00;12634.3;24681.8;12748;24677.6;11878.692307692309;24649;11248;24672;2817;24622.166666666668;12407.933333333332;;32.76666666666667;1002.8125000000001;33.45666666666666
2025-11-27 01:00:00;12634.181818181818;24682.6;12747.92857142857;24677;11877.5;24649;11248.125;24670;2817;24621;12408;;36.449999999999996;1002.5724999999999;31.228333333333335
2025-11-27 03:00:00;12633.923076923076;24683.833333333332;12748.846153846154;24677;11878;24648.333333333332;11248.09090909091;24669.2;2817;24621;12408.727272727272;;39.550000000000004;1002.7879999999999;29.758
2025-11-27 05:00:00;12632;24682.571428571428;12749;24677;11877.375;24648;11246.8;24669.8;2817;24621.285714285714;12408;;42.962500000000006;1003.47875;27.666249999999998
2025-11-27 07:00:00;12632.75;24682.53846153846;12749.6;24676.846153846152;11878.692307692309;24648;11246.25;24670.666666666668;2817;24620.444444444445;12409;24646.666666666668;44.51428571428571;1004.4442857142858;28.071428571428573
2025-11-27 09:00:00;12632.363636363636;24682.5;12751.2;24676;11882.444444444445;24648;11247.875;24669;2817;24620.375;12412.42857142857;24646.444444444445;42.355555555555554;1004.8944444444446;30.90666666666667
2025-11-27 11:00:00;12632.6;24682.23076923077;12752.727272727272;24676.5;11885.083333333334;24648.214285714286;11248.615384615385;24669.30769230769;2817;24620.333333333332;12415.333333333334;24647.25;36.44166666666667;1004.7508333333334;36.119166666666665
2025-11-27 13:00:00;12634;24683;12753.2;24678.375;11885.545454545454;24648.25;11249.666666666666;24670.2;2817;24621.76923076923;12416.636363636364;24647.3;28.569230769230764;1003.7115384615386;39.908461538461545
2025-11-27 15:00:00;12634.272727272728;24684.8;12753.384615384615;24679.2;11884.5;24649.666666666668;11250.083333333334;24670.636363636364;2817;24622.53846153846;12415.384615384615;24648.384615384617;23.054545454545455;1002.2845454545454;42.77272727272727
2025-11-27 17:00:00;12635;24685;12752.272727272728;24679.833333333332;11882;24650.866666666665;11250.5;24672.5;2817;24622.53846153846;12413.375;24648.222222222223;21.51764705882353;1001.004705882353;43.089999999999996
2025-11-27 19:00:00;12634.90909090909;24684.14285714286;12749.666666666666;24681.46153846154;11879.9;24650.384615384617;11249.666666666666;24672.777777777777;2817;24622.85714285714;12411.285714285714;24649;25.235714285714284;1000.4464285714283;40.063571428571436
2025-11-27 21:00:00;12634.9;24683.727272727272;12749;24678.727272727272;11878.555555555555;24651.18181818182;11249;24672.5;2817;24623;12409;24648.25;29.391666666666666;1001.715;37.123333333333335
2025-11-27 23:00:00;12633.461538461539;24683.11111111111;12748.333333333334;24677.909090909092;11877.25;24649.25;11248.09090909091;24671.272727272728;2817;24622.833333333332;12408.42857142857;24647.5;34.307142857142864;1002.4307142857143;34.42214285714285
2025-11-28 01:00:00;12634.09090909091;24682.090909090908;12748;24677;11877.916666666666;24649;11247.333333333334;24670.214285714286;2817;24621.75;12407.888888888889;24646.727272727272;38.18;1001.9619999999999;32.76100000000001
2025-11-28 03:00:00;12633.461538461539;24683.14285714286;12747.1875;24677;11877.9375;24648.7;11247.76923076923;24668.083333333332;2817;24621.23076923077;12408.666666666666;24646;40.925;1001.7866666666665;31.382499999999997
2025-11-28 05:00:00;12634;24683;12748.333333333334;24676.5;11877.142857142857;24648.555555555555;11248;24669.88888888889;2817;24620.833333333332;12408.8;24646;44.449999999999996;1003.54;29.998
2025-11-28 07:00:00;12633.857142857143;24683.416666666668;12749.272727272728;24676.363636363636;11879.166666666666;24648;11247.2;24670;2817;24620.846153846152;12408.333333333334;24646.090909090908;45.41875000000001;1005.1268750000002;31.167499999999997
2025-11-28 09:00:00;12632.875;24682.666666666668;12750.714285714286;24676;11882;24647.363636363636;11248.833333333334;24669.4;2817;24620.7;12412.666666666666;24647;38.199999999999996;1005.850909090909;35.167272727272724
2025-11-28 11:00:00;12634.3;24682.88888888889;12752.9;24677.166666666668;11884.384615384615;24647.909090909092;11249.4;24670.571428571428;2817;24621.333333333332;12415.615384615385;24646.75;31.40909090909091;1004.8863636363635;38.87181818181818
2025-11-28 13:00:00;12634.3;24683.1;12753;24678.666666666668;11884.666666666666;24648.363636363636;11250.2;24671;2817;24622.11111111111;12415.444444444445;24647.88888888889;26.3125;1003.72;42.36874999999999
2025-11-28 15:00:00;12634.941176470587;24685;12753.1;24679.909090909092;11883.636363636364;24650.083333333332;11250.75;24671.8;2817;24622.11111111111;12415.3;24648.714285714286;21.69;1003.0989999999999;44.41700000000001
2025-11-28 17:00:00;12634.636363636364;24684.153846153848;12751.666666666666;24680;11881.692307692309;24650.76923076923;11250.727272727272;24673;2817;24622.909090909092;12413.3;24649;21.57777777777778;1001.9777777777779;44.27888888888889
2025-11-28 19:00:00;12635.2;24684.333333333332;12749.5;24679.909090909092;11879.214285714286;24650.833333333332;11249.6;24673;2817;24622.454545454544;12411.07142857143;24649.153846153848;25.620000000000005;1001.494;40.519999999999996
2025-11-28 21:00:00;12634.777777777777;24683.785714285714;12748.6;24678.333333333332;11878.714285714286;24650.81818181818;11249.09090909091;24672.5;2817;24622;12409;24647.85714285714;30.837500000000002;1001.8950000000002;36.90875
2025-11-28 23:00:00;12634.727272727272;24682.473684210527;12747.916666666666;24677.18181818182;11878.57142857143;24649.466666666667;11248.384615384615;24672.1;2817;24622.545454545456;12408.111111111111;24647;33.655555555555544;1002.2055555555556;34.80111111111111
2025-11-29 01:00:00;12633.42857142857;24682.153846153848;12747.444444444445;24677;11877.25;24649;11247.555555555555;24671.375;2817;24621.9;12407.5;24646.666666666668;36.30833333333333;1003.0583333333334;32.252500000000005
2025-11-29 03:00:00;12633.777777777777;24683.222222222223;12747.153846153846;24677.375;11877;24648.75;11247.42857142857;24669.909090909092;2817;24621;12408.727272727272;24645.85714285714;40.09285714285714;1002.6371428571429;29.869999999999997
2025-11-29 05:00:00;12633.6875;24683;12747.625;24677;11877.545454545454;24648.35714285714;11248.57142857143;24670;2817;24620.6;12409;24646;42.49230769230769;1003.3992307692307;29.126153846153844
2025-11-29 07:00:00;12632.75;24683.4;12748.777777777777;24676.615384615383;11878.777777777777;24647.846153846152;11247.272727272728;24671;2817;24621;12408.625;24646.454545454544;42.936363636363645;1003.8754545454544;29.348181818181818
2025-11-29 09:00:00;12633;24682.8;12750.25;24676;11882.6;24648;11247.666666666666;24670.214285714286;2817;24620.666666666668;12412;;40.47857142857142;1003.6342857142857;32.02071428571429
2025-11-29 11:00:00;12633.25;24682.2;;24676;11885;24647;11249;24670;2817;24620;12415;24646;36.660000000000004;1003.0199999999999;36.306000000000004